2026-07-02T06:10:51.382Z\nMongoServerError: E11000 duplicate key error collection: bcc.performanceads index: agency_1 dup key: { agency: ObjectId('6a3b74b9a58b1b87f5d57df8') }
    at InsertOneOperation.handleOk (E:\Bcc Seo\backend\node_modules\mongodb\lib\operations\insert.js:51:19)
    at executeOperationWithRetries (E:\Bcc Seo\backend\node_modules\mongodb\lib\operations\execute_operation.js:194:34)
    at process.processTicksAndRejections (node:internal/process/task_queues:105:5)
    at async executeOperation (E:\Bcc Seo\backend\node_modules\mongodb\lib\operations\execute_operation.js:83:16)
    at async Collection.insertOne (E:\Bcc Seo\backend\node_modules\mongodb\lib\collection.js:154:16)
    at async model.$__save (E:\Bcc Seo\backend\node_modules\mongoose\lib\model.js:434:16)
    at async maybeTracedSave (E:\Bcc Seo\backend\node_modules\mongoose\lib\model.js:675:7)
    at async Object.getPerformanceAdsDashboard (E:\Bcc Seo\backend\src\modules\performanceAds\performanceAds.service.js:34:5)
    at async exports.getDashboard (E:\Bcc Seo\backend\src\modules\performanceAds\performanceAds.controller.js:18:23)\n\n2026-07-02T12:00:59.850Z\nTypeError: Class constructor ObjectId cannot be invoked without 'new'
    at Object.getBenchmarkTableData (E:\Bcc Seo\backend\src\modules\benchmarking\benchmark.service.js:63:54)
    at exports.getBenchmarkTableData (E:\Bcc Seo\backend\src\modules\benchmarking\benchmark.controller.js:25:45)
    at Layer.handleRequest (E:\Bcc Seo\backend\node_modules\router\lib\layer.js:152:17)
    at next (E:\Bcc Seo\backend\node_modules\router\lib\route.js:157:13)
    at Route.dispatch (E:\Bcc Seo\backend\node_modules\router\lib\route.js:117:3)
    at handle (E:\Bcc Seo\backend\node_modules\router\index.js:435:11)
    at Layer.handleRequest (E:\Bcc Seo\backend\node_modules\router\lib\layer.js:152:17)
    at E:\Bcc Seo\backend\node_modules\router\index.js:295:15
    at processParams (E:\Bcc Seo\backend\node_modules\router\index.js:582:12)
    at next (E:\Bcc Seo\backend\node_modules\router\index.js:291:5)
    at authMiddleware (E:\Bcc Seo\backend\src\middlewares\authMiddleware.js:52:3)
    at Layer.handleRequest (E:\Bcc Seo\backend\node_modules\router\lib\layer.js:152:17)
    at trimPrefix (E:\Bcc Seo\backend\node_modules\router\index.js:342:13)
    at E:\Bcc Seo\backend\node_modules\router\index.js:297:9
    at processParams (E:\Bcc Seo\backend\node_modules\router\index.js:582:12)
    at next (E:\Bcc Seo\backend\node_modules\router\index.js:291:5)\n\n2026-07-02T12:00:59.881Z\nTypeError: Class constructor ObjectId cannot be invoked without 'new'
    at Object.getBenchmarkTableData (E:\Bcc Seo\backend\src\modules\benchmarking\benchmark.service.js:63:54)
    at exports.getBenchmarkTableData (E:\Bcc Seo\backend\src\modules\benchmarking\benchmark.controller.js:25:45)
    at Layer.handleRequest (E:\Bcc Seo\backend\node_modules\router\lib\layer.js:152:17)
    at next (E:\Bcc Seo\backend\node_modules\router\lib\route.js:157:13)
    at Route.dispatch (E:\Bcc Seo\backend\node_modules\router\lib\route.js:117:3)
    at handle (E:\Bcc Seo\backend\node_modules\router\index.js:435:11)
    at Layer.handleRequest (E:\Bcc Seo\backend\node_modules\router\lib\layer.js:152:17)
    at E:\Bcc Seo\backend\node_modules\router\index.js:295:15
    at processParams (E:\Bcc Seo\backend\node_modules\router\index.js:582:12)
    at next (E:\Bcc Seo\backend\node_modules\router\index.js:291:5)
    at authMiddleware (E:\Bcc Seo\backend\src\middlewares\authMiddleware.js:52:3)
    at Layer.handleRequest (E:\Bcc Seo\backend\node_modules\router\lib\layer.js:152:17)
    at trimPrefix (E:\Bcc Seo\backend\node_modules\router\index.js:342:13)
    at E:\Bcc Seo\backend\node_modules\router\index.js:297:9
    at processParams (E:\Bcc Seo\backend\node_modules\router\index.js:582:12)
    at next (E:\Bcc Seo\backend\node_modules\router\index.js:291:5)\n\n2026-07-02T12:01:13.064Z\nTypeError: Class constructor ObjectId cannot be invoked without 'new'
    at Object.getBenchmarkTableData (E:\Bcc Seo\backend\src\modules\benchmarking\benchmark.service.js:63:54)
    at exports.getBenchmarkTableData (E:\Bcc Seo\backend\src\modules\benchmarking\benchmark.controller.js:25:45)
    at Layer.handleRequest (E:\Bcc Seo\backend\node_modules\router\lib\layer.js:152:17)
    at next (E:\Bcc Seo\backend\node_modules\router\lib\route.js:157:13)
    at Route.dispatch (E:\Bcc Seo\backend\node_modules\router\lib\route.js:117:3)
    at handle (E:\Bcc Seo\backend\node_modules\router\index.js:435:11)
    at Layer.handleRequest (E:\Bcc Seo\backend\node_modules\router\lib\layer.js:152:17)
    at E:\Bcc Seo\backend\node_modules\router\index.js:295:15
    at processParams (E:\Bcc Seo\backend\node_modules\router\index.js:582:12)
    at next (E:\Bcc Seo\backend\node_modules\router\index.js:291:5)
    at authMiddleware (E:\Bcc Seo\backend\src\middlewares\authMiddleware.js:52:3)
    at Layer.handleRequest (E:\Bcc Seo\backend\node_modules\router\lib\layer.js:152:17)
    at trimPrefix (E:\Bcc Seo\backend\node_modules\router\index.js:342:13)
    at E:\Bcc Seo\backend\node_modules\router\index.js:297:9
    at processParams (E:\Bcc Seo\backend\node_modules\router\index.js:582:12)
    at next (E:\Bcc Seo\backend\node_modules\router\index.js:291:5)\n\n2026-07-02T12:01:13.232Z\nTypeError: Class constructor ObjectId cannot be invoked without 'new'
    at Object.getBenchmarkTableData (E:\Bcc Seo\backend\src\modules\benchmarking\benchmark.service.js:63:54)
    at exports.getBenchmarkTableData (E:\Bcc Seo\backend\src\modules\benchmarking\benchmark.controller.js:25:45)
    at Layer.handleRequest (E:\Bcc Seo\backend\node_modules\router\lib\layer.js:152:17)
    at next (E:\Bcc Seo\backend\node_modules\router\lib\route.js:157:13)
    at Route.dispatch (E:\Bcc Seo\backend\node_modules\router\lib\route.js:117:3)
    at handle (E:\Bcc Seo\backend\node_modules\router\index.js:435:11)
    at Layer.handleRequest (E:\Bcc Seo\backend\node_modules\router\lib\layer.js:152:17)
    at E:\Bcc Seo\backend\node_modules\router\index.js:295:15
    at processParams (E:\Bcc Seo\backend\node_modules\router\index.js:582:12)
    at next (E:\Bcc Seo\backend\node_modules\router\index.js:291:5)
    at authMiddleware (E:\Bcc Seo\backend\src\middlewares\authMiddleware.js:52:3)
    at Layer.handleRequest (E:\Bcc Seo\backend\node_modules\router\lib\layer.js:152:17)
    at trimPrefix (E:\Bcc Seo\backend\node_modules\router\index.js:342:13)
    at E:\Bcc Seo\backend\node_modules\router\index.js:297:9
    at processParams (E:\Bcc Seo\backend\node_modules\router\index.js:582:12)
    at next (E:\Bcc Seo\backend\node_modules\router\index.js:291:5)\n\n2026-07-02T12:01:27.178Z\nTypeError: Class constructor ObjectId cannot be invoked without 'new'
    at Object.getBenchmarkTableData (E:\Bcc Seo\backend\src\modules\benchmarking\benchmark.service.js:63:54)
    at exports.getBenchmarkTableData (E:\Bcc Seo\backend\src\modules\benchmarking\benchmark.controller.js:25:45)
    at Layer.handleRequest (E:\Bcc Seo\backend\node_modules\router\lib\layer.js:152:17)
    at next (E:\Bcc Seo\backend\node_modules\router\lib\route.js:157:13)
    at Route.dispatch (E:\Bcc Seo\backend\node_modules\router\lib\route.js:117:3)
    at handle (E:\Bcc Seo\backend\node_modules\router\index.js:435:11)
    at Layer.handleRequest (E:\Bcc Seo\backend\node_modules\router\lib\layer.js:152:17)
    at E:\Bcc Seo\backend\node_modules\router\index.js:295:15
    at processParams (E:\Bcc Seo\backend\node_modules\router\index.js:582:12)
    at next (E:\Bcc Seo\backend\node_modules\router\index.js:291:5)
    at authMiddleware (E:\Bcc Seo\backend\src\middlewares\authMiddleware.js:52:3)
    at Layer.handleRequest (E:\Bcc Seo\backend\node_modules\router\lib\layer.js:152:17)
    at trimPrefix (E:\Bcc Seo\backend\node_modules\router\index.js:342:13)
    at E:\Bcc Seo\backend\node_modules\router\index.js:297:9
    at processParams (E:\Bcc Seo\backend\node_modules\router\index.js:582:12)
    at next (E:\Bcc Seo\backend\node_modules\router\index.js:291:5)\n\n2026-07-02T12:01:30.669Z\nTypeError: Class constructor ObjectId cannot be invoked without 'new'
    at Object.getBenchmarkTableData (E:\Bcc Seo\backend\src\modules\benchmarking\benchmark.service.js:63:54)
    at exports.getBenchmarkTableData (E:\Bcc Seo\backend\src\modules\benchmarking\benchmark.controller.js:25:45)
    at Layer.handleRequest (E:\Bcc Seo\backend\node_modules\router\lib\layer.js:152:17)
    at next (E:\Bcc Seo\backend\node_modules\router\lib\route.js:157:13)
    at Route.dispatch (E:\Bcc Seo\backend\node_modules\router\lib\route.js:117:3)
    at handle (E:\Bcc Seo\backend\node_modules\router\index.js:435:11)
    at Layer.handleRequest (E:\Bcc Seo\backend\node_modules\router\lib\layer.js:152:17)
    at E:\Bcc Seo\backend\node_modules\router\index.js:295:15
    at processParams (E:\Bcc Seo\backend\node_modules\router\index.js:582:12)
    at next (E:\Bcc Seo\backend\node_modules\router\index.js:291:5)
    at authMiddleware (E:\Bcc Seo\backend\src\middlewares\authMiddleware.js:52:3)
    at Layer.handleRequest (E:\Bcc Seo\backend\node_modules\router\lib\layer.js:152:17)
    at trimPrefix (E:\Bcc Seo\backend\node_modules\router\index.js:342:13)
    at E:\Bcc Seo\backend\node_modules\router\index.js:297:9
    at processParams (E:\Bcc Seo\backend\node_modules\router\index.js:582:12)
    at next (E:\Bcc Seo\backend\node_modules\router\index.js:291:5)\n\n2026-07-02T12:01:39.636Z\nTypeError: Class constructor ObjectId cannot be invoked without 'new'
    at Object.getBenchmarkTableData (E:\Bcc Seo\backend\src\modules\benchmarking\benchmark.service.js:63:54)
    at exports.getBenchmarkTableData (E:\Bcc Seo\backend\src\modules\benchmarking\benchmark.controller.js:25:45)
    at Layer.handleRequest (E:\Bcc Seo\backend\node_modules\router\lib\layer.js:152:17)
    at next (E:\Bcc Seo\backend\node_modules\router\lib\route.js:157:13)
    at Route.dispatch (E:\Bcc Seo\backend\node_modules\router\lib\route.js:117:3)
    at handle (E:\Bcc Seo\backend\node_modules\router\index.js:435:11)
    at Layer.handleRequest (E:\Bcc Seo\backend\node_modules\router\lib\layer.js:152:17)
    at E:\Bcc Seo\backend\node_modules\router\index.js:295:15
    at processParams (E:\Bcc Seo\backend\node_modules\router\index.js:582:12)
    at next (E:\Bcc Seo\backend\node_modules\router\index.js:291:5)
    at authMiddleware (E:\Bcc Seo\backend\src\middlewares\authMiddleware.js:52:3)
    at Layer.handleRequest (E:\Bcc Seo\backend\node_modules\router\lib\layer.js:152:17)
    at trimPrefix (E:\Bcc Seo\backend\node_modules\router\index.js:342:13)
    at E:\Bcc Seo\backend\node_modules\router\index.js:297:9
    at processParams (E:\Bcc Seo\backend\node_modules\router\index.js:582:12)
    at next (E:\Bcc Seo\backend\node_modules\router\index.js:291:5)\n\n2026-07-02T12:01:48.698Z\nTypeError: Class constructor ObjectId cannot be invoked without 'new'
    at Object.getBenchmarkTableData (E:\Bcc Seo\backend\src\modules\benchmarking\benchmark.service.js:63:54)
    at exports.getBenchmarkTableData (E:\Bcc Seo\backend\src\modules\benchmarking\benchmark.controller.js:25:45)
    at Layer.handleRequest (E:\Bcc Seo\backend\node_modules\router\lib\layer.js:152:17)
    at next (E:\Bcc Seo\backend\node_modules\router\lib\route.js:157:13)
    at Route.dispatch (E:\Bcc Seo\backend\node_modules\router\lib\route.js:117:3)
    at handle (E:\Bcc Seo\backend\node_modules\router\index.js:435:11)
    at Layer.handleRequest (E:\Bcc Seo\backend\node_modules\router\lib\layer.js:152:17)
    at E:\Bcc Seo\backend\node_modules\router\index.js:295:15
    at processParams (E:\Bcc Seo\backend\node_modules\router\index.js:582:12)
    at next (E:\Bcc Seo\backend\node_modules\router\index.js:291:5)
    at authMiddleware (E:\Bcc Seo\backend\src\middlewares\authMiddleware.js:52:3)
    at Layer.handleRequest (E:\Bcc Seo\backend\node_modules\router\lib\layer.js:152:17)
    at trimPrefix (E:\Bcc Seo\backend\node_modules\router\index.js:342:13)
    at E:\Bcc Seo\backend\node_modules\router\index.js:297:9
    at processParams (E:\Bcc Seo\backend\node_modules\router\index.js:582:12)
    at next (E:\Bcc Seo\backend\node_modules\router\index.js:291:5)\n\n2026-07-02T13:31:05.973Z\nTypeError: Cannot read properties of null (reading 'companyName')
    at E:\Bcc Seo\backend\src\modules\mos\mos.controller.js:59:32
    at Array.map (<anonymous>)
    at exports.getMosDashboard (E:\Bcc Seo\backend\src\modules\mos\mos.controller.js:57:39)
    at process.processTicksAndRejections (node:internal/process/task_queues:105:5)\n\n2026-07-02T13:31:06.381Z\nTypeError: Cannot read properties of null (reading 'companyName')
    at E:\Bcc Seo\backend\src\modules\mos\mos.controller.js:59:32
    at Array.map (<anonymous>)
    at exports.getMosDashboard (E:\Bcc Seo\backend\src\modules\mos\mos.controller.js:57:39)
    at process.processTicksAndRejections (node:internal/process/task_queues:105:5)\n\n2026-07-02T13:31:06.792Z\nTypeError: Cannot read properties of null (reading 'companyName')
    at E:\Bcc Seo\backend\src\modules\mos\mos.controller.js:59:32
    at Array.map (<anonymous>)
    at exports.getMosDashboard (E:\Bcc Seo\backend\src\modules\mos\mos.controller.js:57:39)
    at process.processTicksAndRejections (node:internal/process/task_queues:105:5)\n\n2026-07-02T13:31:07.213Z\nTypeError: Cannot read properties of null (reading 'companyName')
    at E:\Bcc Seo\backend\src\modules\mos\mos.controller.js:59:32
    at Array.map (<anonymous>)
    at exports.getMosDashboard (E:\Bcc Seo\backend\src\modules\mos\mos.controller.js:57:39)
    at process.processTicksAndRejections (node:internal/process/task_queues:105:5)\n\n2026-07-02T13:34:13.841Z\nTypeError: Cannot read properties of null (reading 'companyName')
    at E:\Bcc Seo\backend\src\modules\mos\mos.controller.js:59:32
    at Array.map (<anonymous>)
    at exports.getMosDashboard (E:\Bcc Seo\backend\src\modules\mos\mos.controller.js:57:39)
    at process.processTicksAndRejections (node:internal/process/task_queues:105:5)\n\n2026-07-02T13:34:14.249Z\nTypeError: Cannot read properties of null (reading 'companyName')
    at E:\Bcc Seo\backend\src\modules\mos\mos.controller.js:59:32
    at Array.map (<anonymous>)
    at exports.getMosDashboard (E:\Bcc Seo\backend\src\modules\mos\mos.controller.js:57:39)
    at process.processTicksAndRejections (node:internal/process/task_queues:105:5)\n\n2026-07-02T13:34:14.647Z\nTypeError: Cannot read properties of null (reading 'companyName')
    at E:\Bcc Seo\backend\src\modules\mos\mos.controller.js:59:32
    at Array.map (<anonymous>)
    at exports.getMosDashboard (E:\Bcc Seo\backend\src\modules\mos\mos.controller.js:57:39)
    at process.processTicksAndRejections (node:internal/process/task_queues:105:5)\n\n2026-07-02T13:34:15.051Z\nTypeError: Cannot read properties of null (reading 'companyName')
    at E:\Bcc Seo\backend\src\modules\mos\mos.controller.js:59:32
    at Array.map (<anonymous>)
    at exports.getMosDashboard (E:\Bcc Seo\backend\src\modules\mos\mos.controller.js:57:39)
    at process.processTicksAndRejections (node:internal/process/task_queues:105:5)\n\n2026-07-02T13:34:15.846Z\nTypeError: Cannot read properties of null (reading 'companyName')
    at E:\Bcc Seo\backend\src\modules\mos\mos.controller.js:59:32
    at Array.map (<anonymous>)
    at exports.getMosDashboard (E:\Bcc Seo\backend\src\modules\mos\mos.controller.js:57:39)
    at process.processTicksAndRejections (node:internal/process/task_queues:105:5)\n\n2026-07-02T13:34:16.259Z\nTypeError: Cannot read properties of null (reading 'companyName')
    at E:\Bcc Seo\backend\src\modules\mos\mos.controller.js:59:32
    at Array.map (<anonymous>)
    at exports.getMosDashboard (E:\Bcc Seo\backend\src\modules\mos\mos.controller.js:57:39)
    at process.processTicksAndRejections (node:internal/process/task_queues:105:5)\n\n2026-07-02T13:34:16.686Z\nTypeError: Cannot read properties of null (reading 'companyName')
    at E:\Bcc Seo\backend\src\modules\mos\mos.controller.js:59:32
    at Array.map (<anonymous>)
    at exports.getMosDashboard (E:\Bcc Seo\backend\src\modules\mos\mos.controller.js:57:39)
    at process.processTicksAndRejections (node:internal/process/task_queues:105:5)\n\n2026-07-02T13:34:17.104Z\nTypeError: Cannot read properties of null (reading 'companyName')
    at E:\Bcc Seo\backend\src\modules\mos\mos.controller.js:59:32
    at Array.map (<anonymous>)
    at exports.getMosDashboard (E:\Bcc Seo\backend\src\modules\mos\mos.controller.js:57:39)
    at process.processTicksAndRejections (node:internal/process/task_queues:105:5)\n\n2026-07-02T13:34:25.792Z\nTypeError: Cannot read properties of null (reading 'companyName')
    at E:\Bcc Seo\backend\src\modules\mos\mos.controller.js:59:32
    at Array.map (<anonymous>)
    at exports.getMosDashboard (E:\Bcc Seo\backend\src\modules\mos\mos.controller.js:57:39)
    at process.processTicksAndRejections (node:internal/process/task_queues:105:5)\n\n2026-07-02T13:34:26.199Z\nTypeError: Cannot read properties of null (reading 'companyName')
    at E:\Bcc Seo\backend\src\modules\mos\mos.controller.js:59:32
    at Array.map (<anonymous>)
    at exports.getMosDashboard (E:\Bcc Seo\backend\src\modules\mos\mos.controller.js:57:39)
    at process.processTicksAndRejections (node:internal/process/task_queues:105:5)\n\n2026-07-02T13:34:26.612Z\nTypeError: Cannot read properties of null (reading 'companyName')
    at E:\Bcc Seo\backend\src\modules\mos\mos.controller.js:59:32
    at Array.map (<anonymous>)
    at exports.getMosDashboard (E:\Bcc Seo\backend\src\modules\mos\mos.controller.js:57:39)
    at process.processTicksAndRejections (node:internal/process/task_queues:105:5)\n\n2026-07-02T13:34:27.021Z\nTypeError: Cannot read properties of null (reading 'companyName')
    at E:\Bcc Seo\backend\src\modules\mos\mos.controller.js:59:32
    at Array.map (<anonymous>)
    at exports.getMosDashboard (E:\Bcc Seo\backend\src\modules\mos\mos.controller.js:57:39)
    at process.processTicksAndRejections (node:internal/process/task_queues:105:5)\n\n2026-07-02T13:34:47.291Z\nTypeError: Cannot read properties of null (reading 'companyName')
    at E:\Bcc Seo\backend\src\modules\mos\mos.controller.js:59:32
    at Array.map (<anonymous>)
    at exports.getMosDashboard (E:\Bcc Seo\backend\src\modules\mos\mos.controller.js:57:39)
    at process.processTicksAndRejections (node:internal/process/task_queues:105:5)\n\n2026-07-02T13:34:47.705Z\nTypeError: Cannot read properties of null (reading 'companyName')
    at E:\Bcc Seo\backend\src\modules\mos\mos.controller.js:59:32
    at Array.map (<anonymous>)
    at exports.getMosDashboard (E:\Bcc Seo\backend\src\modules\mos\mos.controller.js:57:39)
    at process.processTicksAndRejections (node:internal/process/task_queues:105:5)\n\n2026-07-02T13:34:48.112Z\nTypeError: Cannot read properties of null (reading 'companyName')
    at E:\Bcc Seo\backend\src\modules\mos\mos.controller.js:59:32
    at Array.map (<anonymous>)
    at exports.getMosDashboard (E:\Bcc Seo\backend\src\modules\mos\mos.controller.js:57:39)
    at process.processTicksAndRejections (node:internal/process/task_queues:105:5)\n\n2026-07-02T13:34:48.543Z\nTypeError: Cannot read properties of null (reading 'companyName')
    at E:\Bcc Seo\backend\src\modules\mos\mos.controller.js:59:32
    at Array.map (<anonymous>)
    at exports.getMosDashboard (E:\Bcc Seo\backend\src\modules\mos\mos.controller.js:57:39)
    at process.processTicksAndRejections (node:internal/process/task_queues:105:5)\n\n2026-07-02T13:35:04.967Z\nTypeError: Cannot read properties of null (reading 'companyName')
    at E:\Bcc Seo\backend\src\modules\mos\mos.controller.js:59:32
    at Array.map (<anonymous>)
    at exports.getMosDashboard (E:\Bcc Seo\backend\src\modules\mos\mos.controller.js:57:39)
    at process.processTicksAndRejections (node:internal/process/task_queues:105:5)\n\n2026-07-02T13:35:04.969Z\nTypeError: Cannot read properties of null (reading 'companyName')
    at E:\Bcc Seo\backend\src\modules\mos\mos.controller.js:59:32
    at Array.map (<anonymous>)
    at exports.getMosDashboard (E:\Bcc Seo\backend\src\modules\mos\mos.controller.js:57:39)
    at process.processTicksAndRejections (node:internal/process/task_queues:105:5)\n\n2026-07-04T05:40:58.382Z\nTypeError: Cannot read properties of undefined (reading 'campaignScheduledCompanyId')
    at auth (E:\Bcc Seo\backend\src\modules\campaign-scheduled\googleBusiness.controller.js:42:40)
    at Layer.handleRequest (E:\Bcc Seo\backend\node_modules\router\lib\layer.js:152:17)
    at next (E:\Bcc Seo\backend\node_modules\router\lib\route.js:157:13)
    at Route.dispatch (E:\Bcc Seo\backend\node_modules\router\lib\route.js:117:3)
    at handle (E:\Bcc Seo\backend\node_modules\router\index.js:435:11)
    at Layer.handleRequest (E:\Bcc Seo\backend\node_modules\router\lib\layer.js:152:17)
    at E:\Bcc Seo\backend\node_modules\router\index.js:295:15
    at processParams (E:\Bcc Seo\backend\node_modules\router\index.js:582:12)
    at next (E:\Bcc Seo\backend\node_modules\router\index.js:291:5)
    at Function.handle (E:\Bcc Seo\backend\node_modules\router\index.js:186:3)
    at router (E:\Bcc Seo\backend\node_modules\router\index.js:60:12)
    at Layer.handleRequest (E:\Bcc Seo\backend\node_modules\router\lib\layer.js:152:17)
    at trimPrefix (E:\Bcc Seo\backend\node_modules\router\index.js:342:13)
    at E:\Bcc Seo\backend\node_modules\router\index.js:297:9
    at processParams (E:\Bcc Seo\backend\node_modules\router\index.js:582:12)
    at next (E:\Bcc Seo\backend\node_modules\router\index.js:291:5)\n\n2026-07-08T08:10:09.765Z\nPayloadTooLargeError: request entity too large
    at readStream (E:\Bcc Seo\backend\node_modules\raw-body\index.js:163:17)
    at getRawBody (E:\Bcc Seo\backend\node_modules\raw-body\index.js:116:12)
    at read (E:\Bcc Seo\backend\node_modules\body-parser\lib\read.js:113:3)
    at jsonParser (E:\Bcc Seo\backend\node_modules\body-parser\lib\types\json.js:60:5)
    at Layer.handleRequest (E:\Bcc Seo\backend\node_modules\router\lib\layer.js:152:17)
    at trimPrefix (E:\Bcc Seo\backend\node_modules\router\index.js:342:13)
    at E:\Bcc Seo\backend\node_modules\router\index.js:297:9
    at processParams (E:\Bcc Seo\backend\node_modules\router\index.js:582:12)
    at next (E:\Bcc Seo\backend\node_modules\router\index.js:291:5)
    at cors (E:\Bcc Seo\backend\node_modules\cors\lib\index.js:188:7)
    at E:\Bcc Seo\backend\node_modules\cors\lib\index.js:224:17
    at origin (E:\Bcc Seo\backend\src\app.js:22:7)
    at E:\Bcc Seo\backend\node_modules\cors\lib\index.js:219:13
    at optionsCallback (E:\Bcc Seo\backend\node_modules\cors\lib\index.js:199:9)
    at corsMiddleware (E:\Bcc Seo\backend\node_modules\cors\lib\index.js:204:7)
    at Layer.handleRequest (E:\Bcc Seo\backend\node_modules\router\lib\layer.js:152:17)\n\n2026-07-09T08:58:48.202Z\nMulterError: File too large
    at abortWithCode (E:\Bcc Seo\backend\node_modules\multer\lib\make-middleware.js:107:22)
    at FileStream.<anonymous> (E:\Bcc Seo\backend\node_modules\multer\lib\make-middleware.js:221:11)
    at FileStream.emit (node:events:524:28)
    at SBMH.ssCb [as _cb] (E:\Bcc Seo\backend\node_modules\busboy\lib\types\multipart.js:479:32)
    at feed (E:\Bcc Seo\backend\node_modules\streamsearch\lib\sbmh.js:248:10)
    at SBMH.push (E:\Bcc Seo\backend\node_modules\streamsearch\lib\sbmh.js:104:16)
    at Multipart._write (E:\Bcc Seo\backend\node_modules\busboy\lib\types\multipart.js:567:19)
    at writeOrBuffer (node:internal/streams/writable:572:12)
    at _write (node:internal/streams/writable:501:10)
    at Writable.write (node:internal/streams/writable:510:10)
    at IncomingMessage.ondata (node:internal/streams/readable:1009:22)
    at IncomingMessage.emit (node:events:524:28)
    at Readable.read (node:internal/streams/readable:782:10)
    at flow (node:internal/streams/readable:1283:53)
    at resume_ (node:internal/streams/readable:1262:3)
    at process.processTicksAndRejections (node:internal/process/task_queues:90:21)\n\n2026-07-09T10:51:31.077Z\nundefined\n\n2026-07-14T12:59:56.990Z\nundefined\n\n2026-07-21T10:28:12.093Z\nError: Template extraction failed: E11000 duplicate key error collection: bcc.pages index: websiteId_1_path_1 dup key: { websiteId: ObjectId('6a5f49989bcbc4f202c2b970'), path: "/home" }
    at exports.createWebsite (D:\Louis\Task\BCC\bcc 1\bcc\backend\src\modules\websites\website.controller.js:214:17)
    at process.processTicksAndRejections (node:internal/process/task_queues:105:5)\n\n2026-07-21T10:29:26.190Z\nError: Template extraction failed: E11000 duplicate key error collection: bcc.pages index: websiteId_1_path_1 dup key: { websiteId: ObjectId('6a5f49e29bcbc4f202c2b974'), path: "/home" }
    at exports.createWebsite (D:\Louis\Task\BCC\bcc 1\bcc\backend\src\modules\websites\website.controller.js:214:17)
    at process.processTicksAndRejections (node:internal/process/task_queues:105:5)\n\n2026-07-21T10:30:12.601Z\nError: Template extraction failed: E11000 duplicate key error collection: bcc.pages index: websiteId_1_path_1 dup key: { websiteId: ObjectId('6a5f4a0d9bcbc4f202c2b977'), path: "/home" }
    at exports.createWebsite (D:\Louis\Task\BCC\bcc 1\bcc\backend\src\modules\websites\website.controller.js:214:17)
    at process.processTicksAndRejections (node:internal/process/task_queues:105:5)\n\n2026-07-21T11:24:30.928Z\nundefined\n\n2026-07-21T11:24:45.013Z\nundefined\n\n2026-07-22T04:54:02.420Z\nCastError: Cast to ObjectId failed for value "temp-1784696038483" (type string) at path "_id" for model "Page"
    at SchemaObjectId.cast (D:\Louis\Task\BCC\bcc 1\bcc\backend\node_modules\mongoose\lib\schema\objectId.js:252:11)
    at SchemaType.applySetters (D:\Louis\Task\BCC\bcc 1\bcc\backend\node_modules\mongoose\lib\schemaType.js:1373:12)
    at SchemaType.castForQuery (D:\Louis\Task\BCC\bcc 1\bcc\backend\node_modules\mongoose\lib\schemaType.js:1793:17)
    at cast (D:\Louis\Task\BCC\bcc 1\bcc\backend\node_modules\mongoose\lib\cast.js:386:32)
    at Query.cast (D:\Louis\Task\BCC\bcc 1\bcc\backend\node_modules\mongoose\lib\query.js:5228:12)
    at Query._castConditions (D:\Louis\Task\BCC\bcc 1\bcc\backend\node_modules\mongoose\lib\query.js:2411:10)
    at model.Query._findOne (D:\Louis\Task\BCC\bcc 1\bcc\backend\node_modules\mongoose\lib\query.js:2758:8)
    at maybeTracedQueryExec (D:\Louis\Task\BCC\bcc 1\bcc\backend\node_modules\mongoose\lib\query.js:4801:83)
    at process.processTicksAndRejections (node:internal/process/task_queues:105:5)
    at async exports.getPage (D:\Louis\Task\BCC\bcc 1\bcc\backend\src\modules\websites\website.controller.js:449:18)\n\n2026-07-22T04:54:02.533Z\nCastError: Cast to ObjectId failed for value "temp-1784696038483" (type string) at path "_id" for model "Page"
    at SchemaObjectId.cast (D:\Louis\Task\BCC\bcc 1\bcc\backend\node_modules\mongoose\lib\schema\objectId.js:252:11)
    at SchemaType.applySetters (D:\Louis\Task\BCC\bcc 1\bcc\backend\node_modules\mongoose\lib\schemaType.js:1373:12)
    at SchemaType.castForQuery (D:\Louis\Task\BCC\bcc 1\bcc\backend\node_modules\mongoose\lib\schemaType.js:1793:17)
    at cast (D:\Louis\Task\BCC\bcc 1\bcc\backend\node_modules\mongoose\lib\cast.js:386:32)
    at Query.cast (D:\Louis\Task\BCC\bcc 1\bcc\backend\node_modules\mongoose\lib\query.js:5228:12)
    at Query._castConditions (D:\Louis\Task\BCC\bcc 1\bcc\backend\node_modules\mongoose\lib\query.js:2411:10)
    at model.Query._findOne (D:\Louis\Task\BCC\bcc 1\bcc\backend\node_modules\mongoose\lib\query.js:2758:8)
    at maybeTracedQueryExec (D:\Louis\Task\BCC\bcc 1\bcc\backend\node_modules\mongoose\lib\query.js:4801:83)
    at process.processTicksAndRejections (node:internal/process/task_queues:105:5)
    at async exports.getPage (D:\Louis\Task\BCC\bcc 1\bcc\backend\src\modules\websites\website.controller.js:449:18)\n\n2026-07-22T04:54:33.288Z\nCastError: Cast to ObjectId failed for value "temp-1784696065529" (type string) at path "_id" for model "Page"
    at SchemaObjectId.cast (D:\Louis\Task\BCC\bcc 1\bcc\backend\node_modules\mongoose\lib\schema\objectId.js:252:11)
    at SchemaType.applySetters (D:\Louis\Task\BCC\bcc 1\bcc\backend\node_modules\mongoose\lib\schemaType.js:1373:12)
    at SchemaType.castForQuery (D:\Louis\Task\BCC\bcc 1\bcc\backend\node_modules\mongoose\lib\schemaType.js:1793:17)
    at cast (D:\Louis\Task\BCC\bcc 1\bcc\backend\node_modules\mongoose\lib\cast.js:386:32)
    at Query.cast (D:\Louis\Task\BCC\bcc 1\bcc\backend\node_modules\mongoose\lib\query.js:5228:12)
    at Query._castConditions (D:\Louis\Task\BCC\bcc 1\bcc\backend\node_modules\mongoose\lib\query.js:2411:10)
    at model.Query._findOne (D:\Louis\Task\BCC\bcc 1\bcc\backend\node_modules\mongoose\lib\query.js:2758:8)
    at maybeTracedQueryExec (D:\Louis\Task\BCC\bcc 1\bcc\backend\node_modules\mongoose\lib\query.js:4801:83)
    at process.processTicksAndRejections (node:internal/process/task_queues:105:5)
    at async exports.getPage (D:\Louis\Task\BCC\bcc 1\bcc\backend\src\modules\websites\website.controller.js:449:18)\n\n2026-07-22T04:54:33.354Z\nCastError: Cast to ObjectId failed for value "temp-1784696065529" (type string) at path "_id" for model "Page"
    at SchemaObjectId.cast (D:\Louis\Task\BCC\bcc 1\bcc\backend\node_modules\mongoose\lib\schema\objectId.js:252:11)
    at SchemaType.applySetters (D:\Louis\Task\BCC\bcc 1\bcc\backend\node_modules\mongoose\lib\schemaType.js:1373:12)
    at SchemaType.castForQuery (D:\Louis\Task\BCC\bcc 1\bcc\backend\node_modules\mongoose\lib\schemaType.js:1793:17)
    at cast (D:\Louis\Task\BCC\bcc 1\bcc\backend\node_modules\mongoose\lib\cast.js:386:32)
    at Query.cast (D:\Louis\Task\BCC\bcc 1\bcc\backend\node_modules\mongoose\lib\query.js:5228:12)
    at Query._castConditions (D:\Louis\Task\BCC\bcc 1\bcc\backend\node_modules\mongoose\lib\query.js:2411:10)
    at model.Query._findOne (D:\Louis\Task\BCC\bcc 1\bcc\backend\node_modules\mongoose\lib\query.js:2758:8)
    at maybeTracedQueryExec (D:\Louis\Task\BCC\bcc 1\bcc\backend\node_modules\mongoose\lib\query.js:4801:83)
    at process.processTicksAndRejections (node:internal/process/task_queues:105:5)
    at async exports.getPage (D:\Louis\Task\BCC\bcc 1\bcc\backend\src\modules\websites\website.controller.js:449:18)\n\n2026-07-23T05:24:26.188Z\nMongoServerError: E11000 duplicate key error collection: bcc.pages index: websiteId_1_path_1 dup key: { websiteId: ObjectId('6a61a0575a24a1024d9b092e'), path: "/new" }
    at InsertOneOperation.handleOk (D:\Louis\Task\BCC\bcc 1\bcc\backend\node_modules\mongodb\lib\operations\insert.js:51:19)
    at executeOperationWithRetries (D:\Louis\Task\BCC\bcc 1\bcc\backend\node_modules\mongodb\lib\operations\execute_operation.js:194:34)
    at process.processTicksAndRejections (node:internal/process/task_queues:105:5)
    at async executeOperation (D:\Louis\Task\BCC\bcc 1\bcc\backend\node_modules\mongodb\lib\operations\execute_operation.js:83:16)
    at async Collection.insertOne (D:\Louis\Task\BCC\bcc 1\bcc\backend\node_modules\mongodb\lib\collection.js:154:16)
    at async model.$__save (D:\Louis\Task\BCC\bcc 1\bcc\backend\node_modules\mongoose\lib\model.js:434:16)
    at async maybeTracedSave (D:\Louis\Task\BCC\bcc 1\bcc\backend\node_modules\mongoose\lib\model.js:675:7)
    at async exports.addPage (D:\Louis\Task\BCC\bcc 1\bcc\backend\src\modules\websites\website.controller.js:717:23)\n\n2026-07-23T05:24:42.503Z\nMongoServerError: E11000 duplicate key error collection: bcc.pages index: websiteId_1_path_1 dup key: { websiteId: ObjectId('6a61a0575a24a1024d9b092e'), path: "/new" }
    at InsertOneOperation.handleOk (D:\Louis\Task\BCC\bcc 1\bcc\backend\node_modules\mongodb\lib\operations\insert.js:51:19)
    at executeOperationWithRetries (D:\Louis\Task\BCC\bcc 1\bcc\backend\node_modules\mongodb\lib\operations\execute_operation.js:194:34)
    at process.processTicksAndRejections (node:internal/process/task_queues:105:5)
    at async executeOperation (D:\Louis\Task\BCC\bcc 1\bcc\backend\node_modules\mongodb\lib\operations\execute_operation.js:83:16)
    at async Collection.insertOne (D:\Louis\Task\BCC\bcc 1\bcc\backend\node_modules\mongodb\lib\collection.js:154:16)
    at async model.$__save (D:\Louis\Task\BCC\bcc 1\bcc\backend\node_modules\mongoose\lib\model.js:434:16)
    at async maybeTracedSave (D:\Louis\Task\BCC\bcc 1\bcc\backend\node_modules\mongoose\lib\model.js:675:7)
    at async exports.addPage (D:\Louis\Task\BCC\bcc 1\bcc\backend\src\modules\websites\website.controller.js:717:23)\n\n2026-07-23T05:24:46.946Z\nMongoServerError: E11000 duplicate key error collection: bcc.pages index: websiteId_1_path_1 dup key: { websiteId: ObjectId('6a61a0575a24a1024d9b092e'), path: "/new" }
    at InsertOneOperation.handleOk (D:\Louis\Task\BCC\bcc 1\bcc\backend\node_modules\mongodb\lib\operations\insert.js:51:19)
    at executeOperationWithRetries (D:\Louis\Task\BCC\bcc 1\bcc\backend\node_modules\mongodb\lib\operations\execute_operation.js:194:34)
    at process.processTicksAndRejections (node:internal/process/task_queues:105:5)
    at async executeOperation (D:\Louis\Task\BCC\bcc 1\bcc\backend\node_modules\mongodb\lib\operations\execute_operation.js:83:16)
    at async Collection.insertOne (D:\Louis\Task\BCC\bcc 1\bcc\backend\node_modules\mongodb\lib\collection.js:154:16)
    at async model.$__save (D:\Louis\Task\BCC\bcc 1\bcc\backend\node_modules\mongoose\lib\model.js:434:16)
    at async maybeTracedSave (D:\Louis\Task\BCC\bcc 1\bcc\backend\node_modules\mongoose\lib\model.js:675:7)
    at async exports.addPage (D:\Louis\Task\BCC\bcc 1\bcc\backend\src\modules\websites\website.controller.js:717:23)\n\n
2026-07-24T10:25:30.505Z\nMongoServerSelectionError: getaddrinfo ENOTFOUND ac-wo2gqd5-shard-00-00.hhhks6y.mongodb.net
    at Topology.selectServer (D:\Louis\Task\BCC\bcc 1\bcc\backend\node_modules\mongodb\lib\sdam\topology.js:348:38)
    at async executeOperationWithRetries (D:\Louis\Task\BCC\bcc 1\bcc\backend\node_modules\mongodb\lib\operations\execute_operation.js:260:22)
    at async executeOperation (D:\Louis\Task\BCC\bcc 1\bcc\backend\node_modules\mongodb\lib\operations\execute_operation.js:83:16)
    at async FindCursor._initialize (D:\Louis\Task\BCC\bcc 1\bcc\backend\node_modules\mongodb\lib\cursor\find_cursor.js:62:26)
    at async FindCursor.cursorInit (D:\Louis\Task\BCC\bcc 1\bcc\backend\node_modules\mongodb\lib\cursor\abstract_cursor.js:620:27)
    at async FindCursor.fetchBatch (D:\Louis\Task\BCC\bcc 1\bcc\backend\node_modules\mongodb\lib\cursor\abstract_cursor.js:654:13)
    at async FindCursor.next (D:\Louis\Task\BCC\bcc 1\bcc\backend\node_modules\mongodb\lib\cursor\abstract_cursor.js:326:17)
    at async Collection.findOne (D:\Louis\Task\BCC\bcc 1\bcc\backend\node_modules\mongodb\lib\collection.js:313:24)
    at async model.Query._findOne (D:\Louis\Task\BCC\bcc 1\bcc\backend\node_modules\mongoose\lib\query.js:2773:15)
    at async maybeTracedQueryExec (D:\Louis\Task\BCC\bcc 1\bcc\backend\node_modules\mongoose\lib\query.js:4801:65)
    at async exports.getWebsiteDetails (D:\Louis\Task\BCC\bcc 1\bcc\backend\src\modules\websites\website.controller.js:538:21)\n\n2026-07-24T10:25:41.856Z\nMongoServerSelectionError: getaddrinfo ENOTFOUND ac-wo2gqd5-shard-00-00.hhhks6y.mongodb.net
    at Topology.selectServer (D:\Louis\Task\BCC\bcc 1\bcc\backend\node_modules\mongodb\lib\sdam\topology.js:348:38)
    at async executeOperationWithRetries (D:\Louis\Task\BCC\bcc 1\bcc\backend\node_modules\mongodb\lib\operations\execute_operation.js:260:22)
    at async executeOperation (D:\Louis\Task\BCC\bcc 1\bcc\backend\node_modules\mongodb\lib\operations\execute_operation.js:83:16)
    at async FindCursor._initialize (D:\Louis\Task\BCC\bcc 1\bcc\backend\node_modules\mongodb\lib\cursor\find_cursor.js:62:26)
    at async FindCursor.cursorInit (D:\Louis\Task\BCC\bcc 1\bcc\backend\node_modules\mongodb\lib\cursor\abstract_cursor.js:620:27)
    at async FindCursor.fetchBatch (D:\Louis\Task\BCC\bcc 1\bcc\backend\node_modules\mongodb\lib\cursor\abstract_cursor.js:654:13)
    at async FindCursor.next (D:\Louis\Task\BCC\bcc 1\bcc\backend\node_modules\mongodb\lib\cursor\abstract_cursor.js:326:17)
    at async Collection.findOne (D:\Louis\Task\BCC\bcc 1\bcc\backend\node_modules\mongodb\lib\collection.js:313:24)
    at async model.Query._findOne (D:\Louis\Task\BCC\bcc 1\bcc\backend\node_modules\mongoose\lib\query.js:2773:15)
    at async maybeTracedQueryExec (D:\Louis\Task\BCC\bcc 1\bcc\backend\node_modules\mongoose\lib\query.js:4801:65)
    at async exports.getWebsiteDetails (D:\Louis\Task\BCC\bcc 1\bcc\backend\src\modules\websites\website.controller.js:538:21)\n\n2026-07-24T10:25:43.684Z\nMongoServerSelectionError: getaddrinfo ENOTFOUND ac-wo2gqd5-shard-00-00.hhhks6y.mongodb.net
    at Topology.selectServer (D:\Louis\Task\BCC\bcc 1\bcc\backend\node_modules\mongodb\lib\sdam\topology.js:348:38)
    at async executeOperationWithRetries (D:\Louis\Task\BCC\bcc 1\bcc\backend\node_modules\mongodb\lib\operations\execute_operation.js:157:18)
    at async executeOperation (D:\Louis\Task\BCC\bcc 1\bcc\backend\node_modules\mongodb\lib\operations\execute_operation.js:83:16)
    at async FindCursor._initialize (D:\Louis\Task\BCC\bcc 1\bcc\backend\node_modules\mongodb\lib\cursor\find_cursor.js:62:26)
    at async FindCursor.cursorInit (D:\Louis\Task\BCC\bcc 1\bcc\backend\node_modules\mongodb\lib\cursor\abstract_cursor.js:620:27)
    at async FindCursor.fetchBatch (D:\Louis\Task\BCC\bcc 1\bcc\backend\node_modules\mongodb\lib\cursor\abstract_cursor.js:654:13)
    at async FindCursor.next (D:\Louis\Task\BCC\bcc 1\bcc\backend\node_modules\mongodb\lib\cursor\abstract_cursor.js:326:17)
    at async Collection.findOne (D:\Louis\Task\BCC\bcc 1\bcc\backend\node_modules\mongodb\lib\collection.js:313:24)
    at async model.Query._findOne (D:\Louis\Task\BCC\bcc 1\bcc\backend\node_modules\mongoose\lib\query.js:2773:15)
    at async maybeTracedQueryExec (D:\Louis\Task\BCC\bcc 1\bcc\backend\node_modules\mongoose\lib\query.js:4801:65)
    at async exports.getWebsiteDetails (D:\Louis\Task\BCC\bcc 1\bcc\backend\src\modules\websites\website.controller.js:538:21)\n\n2026-07-24T10:26:03.671Z\nMongoServerSelectionError: getaddrinfo ENOTFOUND ac-wo2gqd5-shard-00-00.hhhks6y.mongodb.net
    at Topology.selectServer (D:\Louis\Task\BCC\bcc 1\bcc\backend\node_modules\mongodb\lib\sdam\topology.js:348:38)
    at async executeOperationWithRetries (D:\Louis\Task\BCC\bcc 1\bcc\backend\node_modules\mongodb\lib\operations\execute_operation.js:157:18)
    at async executeOperation (D:\Louis\Task\BCC\bcc 1\bcc\backend\node_modules\mongodb\lib\operations\execute_operation.js:83:16)
    at async FindCursor._initialize (D:\Louis\Task\BCC\bcc 1\bcc\backend\node_modules\mongodb\lib\cursor\find_cursor.js:62:26)
    at async FindCursor.cursorInit (D:\Louis\Task\BCC\bcc 1\bcc\backend\node_modules\mongodb\lib\cursor\abstract_cursor.js:620:27)
    at async FindCursor.fetchBatch (D:\Louis\Task\BCC\bcc 1\bcc\backend\node_modules\mongodb\lib\cursor\abstract_cursor.js:654:13)
    at async FindCursor.next (D:\Louis\Task\BCC\bcc 1\bcc\backend\node_modules\mongodb\lib\cursor\abstract_cursor.js:326:17)
    at async Collection.findOne (D:\Louis\Task\BCC\bcc 1\bcc\backend\node_modules\mongodb\lib\collection.js:313:24)
    at async model.Query._findOne (D:\Louis\Task\BCC\bcc 1\bcc\backend\node_modules\mongoose\lib\query.js:2773:15)
    at async maybeTracedQueryExec (D:\Louis\Task\BCC\bcc 1\bcc\backend\node_modules\mongoose\lib\query.js:4801:65)
    at async exports.getWebsiteDetails (D:\Louis\Task\BCC\bcc 1\bcc\backend\src\modules\websites\website.controller.js:538:21)\n\n2026-07-24T10:35:05.418Z\nMongoServerSelectionError: getaddrinfo ENOTFOUND ac-wo2gqd5-shard-00-00.hhhks6y.mongodb.net
    at Topology.selectServer (D:\Louis\Task\BCC\bcc 1\bcc\backend\node_modules\mongodb\lib\sdam\topology.js:348:38)
    at async executeOperationWithRetries (D:\Louis\Task\BCC\bcc 1\bcc\backend\node_modules\mongodb\lib\operations\execute_operation.js:157:18)
    at async executeOperation (D:\Louis\Task\BCC\bcc 1\bcc\backend\node_modules\mongodb\lib\operations\execute_operation.js:83:16)
    at async FindCursor._initialize (D:\Louis\Task\BCC\bcc 1\bcc\backend\node_modules\mongodb\lib\cursor\find_cursor.js:62:26)
    at async FindCursor.cursorInit (D:\Louis\Task\BCC\bcc 1\bcc\backend\node_modules\mongodb\lib\cursor\abstract_cursor.js:620:27)
    at async FindCursor.fetchBatch (D:\Louis\Task\BCC\bcc 1\bcc\backend\node_modules\mongodb\lib\cursor\abstract_cursor.js:654:13)
    at async FindCursor.next (D:\Louis\Task\BCC\bcc 1\bcc\backend\node_modules\mongodb\lib\cursor\abstract_cursor.js:326:17)
    at async Collection.findOne (D:\Louis\Task\BCC\bcc 1\bcc\backend\node_modules\mongodb\lib\collection.js:313:24)
    at async model.Query._findOne (D:\Louis\Task\BCC\bcc 1\bcc\backend\node_modules\mongoose\lib\query.js:2773:15)
    at async maybeTracedQueryExec (D:\Louis\Task\BCC\bcc 1\bcc\backend\node_modules\mongoose\lib\query.js:4801:65)
    at async exports.getWebsiteDetails (D:\Louis\Task\BCC\bcc 1\bcc\backend\src\modules\websites\website.controller.js:538:21)\n\n2026-07-24T10:35:36.615Z\nMongoServerSelectionError: getaddrinfo ENOTFOUND ac-wo2gqd5-shard-00-00.hhhks6y.mongodb.net
    at Topology.selectServer (D:\Louis\Task\BCC\bcc 1\bcc\backend\node_modules\mongodb\lib\sdam\topology.js:348:38)
    at async executeOperationWithRetries (D:\Louis\Task\BCC\bcc 1\bcc\backend\node_modules\mongodb\lib\operations\execute_operation.js:157:18)
    at async executeOperation (D:\Louis\Task\BCC\bcc 1\bcc\backend\node_modules\mongodb\lib\operations\execute_operation.js:83:16)
    at async FindCursor._initialize (D:\Louis\Task\BCC\bcc 1\bcc\backend\node_modules\mongodb\lib\cursor\find_cursor.js:62:26)
    at async FindCursor.cursorInit (D:\Louis\Task\BCC\bcc 1\bcc\backend\node_modules\mongodb\lib\cursor\abstract_cursor.js:620:27)
    at async FindCursor.fetchBatch (D:\Louis\Task\BCC\bcc 1\bcc\backend\node_modules\mongodb\lib\cursor\abstract_cursor.js:654:13)
    at async FindCursor.next (D:\Louis\Task\BCC\bcc 1\bcc\backend\node_modules\mongodb\lib\cursor\abstract_cursor.js:326:17)
    at async Collection.findOne (D:\Louis\Task\BCC\bcc 1\bcc\backend\node_modules\mongodb\lib\collection.js:313:24)
    at async model.Query._findOne (D:\Louis\Task\BCC\bcc 1\bcc\backend\node_modules\mongoose\lib\query.js:2773:15)
    at async maybeTracedQueryExec (D:\Louis\Task\BCC\bcc 1\bcc\backend\node_modules\mongoose\lib\query.js:4801:65)
    at async exports.getWebsiteDetails (D:\Louis\Task\BCC\bcc 1\bcc\backend\src\modules\websites\website.controller.js:538:21)\n\n2026-07-24T10:35:47.610Z\nMongoServerSelectionError: getaddrinfo ENOTFOUND ac-wo2gqd5-shard-00-00.hhhks6y.mongodb.net
    at Topology.selectServer (D:\Louis\Task\BCC\bcc 1\bcc\backend\node_modules\mongodb\lib\sdam\topology.js:348:38)
    at async executeOperationWithRetries (D:\Louis\Task\BCC\bcc 1\bcc\backend\node_modules\mongodb\lib\operations\execute_operation.js:157:18)
    at async executeOperation (D:\Louis\Task\BCC\bcc 1\bcc\backend\node_modules\mongodb\lib\operations\execute_operation.js:83:16)
    at async FindCursor._initialize (D:\Louis\Task\BCC\bcc 1\bcc\backend\node_modules\mongodb\lib\cursor\find_cursor.js:62:26)
    at async FindCursor.cursorInit (D:\Louis\Task\BCC\bcc 1\bcc\backend\node_modules\mongodb\lib\cursor\abstract_cursor.js:620:27)
    at async FindCursor.fetchBatch (D:\Louis\Task\BCC\bcc 1\bcc\backend\node_modules\mongodb\lib\cursor\abstract_cursor.js:654:13)
    at async FindCursor.next (D:\Louis\Task\BCC\bcc 1\bcc\backend\node_modules\mongodb\lib\cursor\abstract_cursor.js:326:17)
    at async Collection.findOne (D:\Louis\Task\BCC\bcc 1\bcc\backend\node_modules\mongodb\lib\collection.js:313:24)
    at async model.Query._findOne (D:\Louis\Task\BCC\bcc 1\bcc\backend\node_modules\mongoose\lib\query.js:2773:15)
    at async maybeTracedQueryExec (D:\Louis\Task\BCC\bcc 1\bcc\backend\node_modules\mongoose\lib\query.js:4801:65)
    at async exports.getWebsiteDetails (D:\Louis\Task\BCC\bcc 1\bcc\backend\src\modules\websites\website.controller.js:538:21)\n\n2026-07-24T10:36:09.441Z\nMongoServerSelectionError: getaddrinfo ENOTFOUND ac-wo2gqd5-shard-00-00.hhhks6y.mongodb.net
    at Topology.selectServer (D:\Louis\Task\BCC\bcc 1\bcc\backend\node_modules\mongodb\lib\sdam\topology.js:348:38)
    at async executeOperationWithRetries (D:\Louis\Task\BCC\bcc 1\bcc\backend\node_modules\mongodb\lib\operations\execute_operation.js:157:18)
    at async executeOperation (D:\Louis\Task\BCC\bcc 1\bcc\backend\node_modules\mongodb\lib\operations\execute_operation.js:83:16)
    at async FindCursor._initialize (D:\Louis\Task\BCC\bcc 1\bcc\backend\node_modules\mongodb\lib\cursor\find_cursor.js:62:26)
    at async FindCursor.cursorInit (D:\Louis\Task\BCC\bcc 1\bcc\backend\node_modules\mongodb\lib\cursor\abstract_cursor.js:620:27)
    at async FindCursor.fetchBatch (D:\Louis\Task\BCC\bcc 1\bcc\backend\node_modules\mongodb\lib\cursor\abstract_cursor.js:654:13)
    at async FindCursor.next (D:\Louis\Task\BCC\bcc 1\bcc\backend\node_modules\mongodb\lib\cursor\abstract_cursor.js:326:17)
    at async Collection.findOne (D:\Louis\Task\BCC\bcc 1\bcc\backend\node_modules\mongodb\lib\collection.js:313:24)
    at async model.Query._findOne (D:\Louis\Task\BCC\bcc 1\bcc\backend\node_modules\mongoose\lib\query.js:2773:15)
    at async maybeTracedQueryExec (D:\Louis\Task\BCC\bcc 1\bcc\backend\node_modules\mongoose\lib\query.js:4801:65)
    at async exports.getWebsiteDetails (D:\Louis\Task\BCC\bcc 1\bcc\backend\src\modules\websites\website.controller.js:538:21)\n\n2026-07-24T10:47:15.378Z\nMongoServerSelectionError: getaddrinfo ENOTFOUND ac-wo2gqd5-shard-00-00.hhhks6y.mongodb.net
    at Topology.selectServer (D:\Louis\Task\BCC\bcc 1\bcc\backend\node_modules\mongodb\lib\sdam\topology.js:348:38)
    at async executeOperationWithRetries (D:\Louis\Task\BCC\bcc 1\bcc\backend\node_modules\mongodb\lib\operations\execute_operation.js:157:18)
    at async executeOperation (D:\Louis\Task\BCC\bcc 1\bcc\backend\node_modules\mongodb\lib\operations\execute_operation.js:83:16)
    at async FindCursor._initialize (D:\Louis\Task\BCC\bcc 1\bcc\backend\node_modules\mongodb\lib\cursor\find_cursor.js:62:26)
    at async FindCursor.cursorInit (D:\Louis\Task\BCC\bcc 1\bcc\backend\node_modules\mongodb\lib\cursor\abstract_cursor.js:620:27)
    at async FindCursor.fetchBatch (D:\Louis\Task\BCC\bcc 1\bcc\backend\node_modules\mongodb\lib\cursor\abstract_cursor.js:654:13)
    at async FindCursor.next (D:\Louis\Task\BCC\bcc 1\bcc\backend\node_modules\mongodb\lib\cursor\abstract_cursor.js:326:17)
    at async Collection.findOne (D:\Louis\Task\BCC\bcc 1\bcc\backend\node_modules\mongodb\lib\collection.js:313:24)
    at async model.Query._findOne (D:\Louis\Task\BCC\bcc 1\bcc\backend\node_modules\mongoose\lib\query.js:2773:15)
    at async maybeTracedQueryExec (D:\Louis\Task\BCC\bcc 1\bcc\backend\node_modules\mongoose\lib\query.js:4801:65)
    at async exports.getWebsiteDetails (D:\Louis\Task\BCC\bcc 1\bcc\backend\src\modules\websites\website.controller.js:538:21)\n\n2026-07-24T10:47:35.445Z\nMongoServerSelectionError: getaddrinfo ENOTFOUND ac-wo2gqd5-shard-00-00.hhhks6y.mongodb.net
    at Topology.selectServer (D:\Louis\Task\BCC\bcc 1\bcc\backend\node_modules\mongodb\lib\sdam\topology.js:348:38)
    at async executeOperationWithRetries (D:\Louis\Task\BCC\bcc 1\bcc\backend\node_modules\mongodb\lib\operations\execute_operation.js:157:18)
    at async executeOperation (D:\Louis\Task\BCC\bcc 1\bcc\backend\node_modules\mongodb\lib\operations\execute_operation.js:83:16)
    at async FindCursor._initialize (D:\Louis\Task\BCC\bcc 1\bcc\backend\node_modules\mongodb\lib\cursor\find_cursor.js:62:26)
    at async FindCursor.cursorInit (D:\Louis\Task\BCC\bcc 1\bcc\backend\node_modules\mongodb\lib\cursor\abstract_cursor.js:620:27)
    at async FindCursor.fetchBatch (D:\Louis\Task\BCC\bcc 1\bcc\backend\node_modules\mongodb\lib\cursor\abstract_cursor.js:654:13)
    at async FindCursor.next (D:\Louis\Task\BCC\bcc 1\bcc\backend\node_modules\mongodb\lib\cursor\abstract_cursor.js:326:17)
    at async Collection.findOne (D:\Louis\Task\BCC\bcc 1\bcc\backend\node_modules\mongodb\lib\collection.js:313:24)
    at async model.Query._findOne (D:\Louis\Task\BCC\bcc 1\bcc\backend\node_modules\mongoose\lib\query.js:2773:15)
    at async maybeTracedQueryExec (D:\Louis\Task\BCC\bcc 1\bcc\backend\node_modules\mongoose\lib\query.js:4801:65)
    at async exports.getWebsiteDetails (D:\Louis\Task\BCC\bcc 1\bcc\backend\src\modules\websites\website.controller.js:538:21)\n\n2026-07-24T12:23:59.710Z\nundefined\n\n2026-07-24T12:25:48.012Z\nundefined\n\n2026-07-24T12:27:02.142Z\nundefined\n\n2026-07-24T12:29:01.041Z\nundefined\n\n2026-07-24T12:30:35.261Z\nundefined\n\n2026-07-24T12:32:16.719Z\nundefined\n\n2026-07-24T13:08:41.018Z\nundefined\n\n
<<<<<<< Updated upstream
2026-08-01T13:38:20.127Z\nTypeError: response.error is not a function
    at exports.triggerScan (D:\Louis\Task\BCC\bcc 1\bcc\backend\src\modules\seoWorkspace\controllers\monitoring.controller.js:37:14)
    at process.processTicksAndRejections (node:internal/process/task_queues:105:5)\n\n
=======
>>>>>>> origin/louis-v2
2026-07-27T10:01:36.454Z\nSyntaxError: Unexpected token 'n', "null" is not valid JSON
    at JSON.parse (<anonymous>)
    at createStrictSyntaxError (E:\Bcc Seo\backend\node_modules\body-parser\lib\types\json.js:137:10)
    at parse (E:\Bcc Seo\backend\node_modules\body-parser\lib\types\json.js:86:15)
    at E:\Bcc Seo\backend\node_modules\body-parser\lib\read.js:162:18
    at AsyncResource.runInAsyncScope (node:async_hooks:211:14)
    at invokeCallback (E:\Bcc Seo\backend\node_modules\raw-body\index.js:238:16)
    at done (E:\Bcc Seo\backend\node_modules\raw-body\index.js:227:7)
    at IncomingMessage.onEnd (E:\Bcc Seo\backend\node_modules\raw-body\index.js:287:7)
    at IncomingMessage.emit (node:events:524:28)
    at endReadableNT (node:internal/streams/readable:1698:12)
    at process.processTicksAndRejections (node:internal/process/task_queues:90:21)\n\n2026-07-27T10:01:42.058Z\nSyntaxError: Unexpected token 'n', "null" is not valid JSON
    at JSON.parse (<anonymous>)
    at createStrictSyntaxError (E:\Bcc Seo\backend\node_modules\body-parser\lib\types\json.js:137:10)
    at parse (E:\Bcc Seo\backend\node_modules\body-parser\lib\types\json.js:86:15)
    at E:\Bcc Seo\backend\node_modules\body-parser\lib\read.js:162:18
    at AsyncResource.runInAsyncScope (node:async_hooks:211:14)
    at invokeCallback (E:\Bcc Seo\backend\node_modules\raw-body\index.js:238:16)
    at done (E:\Bcc Seo\backend\node_modules\raw-body\index.js:227:7)
    at IncomingMessage.onEnd (E:\Bcc Seo\backend\node_modules\raw-body\index.js:287:7)
    at IncomingMessage.emit (node:events:524:28)
    at endReadableNT (node:internal/streams/readable:1698:12)
    at process.processTicksAndRejections (node:internal/process/task_queues:90:21)\n\n2026-07-27T10:01:43.341Z\nSyntaxError: Unexpected token 'n', "null" is not valid JSON
    at JSON.parse (<anonymous>)
    at createStrictSyntaxError (E:\Bcc Seo\backend\node_modules\body-parser\lib\types\json.js:137:10)
    at parse (E:\Bcc Seo\backend\node_modules\body-parser\lib\types\json.js:86:15)
    at E:\Bcc Seo\backend\node_modules\body-parser\lib\read.js:162:18
    at AsyncResource.runInAsyncScope (node:async_hooks:211:14)
    at invokeCallback (E:\Bcc Seo\backend\node_modules\raw-body\index.js:238:16)
    at done (E:\Bcc Seo\backend\node_modules\raw-body\index.js:227:7)
    at IncomingMessage.onEnd (E:\Bcc Seo\backend\node_modules\raw-body\index.js:287:7)
    at IncomingMessage.emit (node:events:524:28)
    at endReadableNT (node:internal/streams/readable:1698:12)
    at process.processTicksAndRejections (node:internal/process/task_queues:90:21)\n\n2026-07-27T10:01:51.882Z\nSyntaxError: Unexpected token 'n', "null" is not valid JSON
    at JSON.parse (<anonymous>)
    at createStrictSyntaxError (E:\Bcc Seo\backend\node_modules\body-parser\lib\types\json.js:137:10)
    at parse (E:\Bcc Seo\backend\node_modules\body-parser\lib\types\json.js:86:15)
    at E:\Bcc Seo\backend\node_modules\body-parser\lib\read.js:162:18
    at AsyncResource.runInAsyncScope (node:async_hooks:211:14)
    at invokeCallback (E:\Bcc Seo\backend\node_modules\raw-body\index.js:238:16)
    at done (E:\Bcc Seo\backend\node_modules\raw-body\index.js:227:7)
    at IncomingMessage.onEnd (E:\Bcc Seo\backend\node_modules\raw-body\index.js:287:7)
    at IncomingMessage.emit (node:events:524:28)
    at endReadableNT (node:internal/streams/readable:1698:12)
    at process.processTicksAndRejections (node:internal/process/task_queues:90:21)\n\n2026-07-27T10:01:53.640Z\nSyntaxError: Unexpected token 'n', "null" is not valid JSON
    at JSON.parse (<anonymous>)
    at createStrictSyntaxError (E:\Bcc Seo\backend\node_modules\body-parser\lib\types\json.js:137:10)
    at parse (E:\Bcc Seo\backend\node_modules\body-parser\lib\types\json.js:86:15)
    at E:\Bcc Seo\backend\node_modules\body-parser\lib\read.js:162:18
    at AsyncResource.runInAsyncScope (node:async_hooks:211:14)
    at invokeCallback (E:\Bcc Seo\backend\node_modules\raw-body\index.js:238:16)
    at done (E:\Bcc Seo\backend\node_modules\raw-body\index.js:227:7)
    at IncomingMessage.onEnd (E:\Bcc Seo\backend\node_modules\raw-body\index.js:287:7)
    at IncomingMessage.emit (node:events:524:28)
    at endReadableNT (node:internal/streams/readable:1698:12)
    at process.processTicksAndRejections (node:internal/process/task_queues:90:21)\n\n2026-07-29T10:27:50.662Z\nCastError: Cast to ObjectId failed for value "undefined" (type string) at path "_id" for model "Invoice"
    at SchemaObjectId.cast (E:\Bcc Seo\backend\node_modules\mongoose\lib\schema\objectId.js:252:11)
    at SchemaType.applySetters (E:\Bcc Seo\backend\node_modules\mongoose\lib\schemaType.js:1373:12)
    at SchemaType.castForQuery (E:\Bcc Seo\backend\node_modules\mongoose\lib\schemaType.js:1793:17)
    at cast (E:\Bcc Seo\backend\node_modules\mongoose\lib\cast.js:386:32)
    at Query.cast (E:\Bcc Seo\backend\node_modules\mongoose\lib\query.js:5228:12)
    at Query._castConditions (E:\Bcc Seo\backend\node_modules\mongoose\lib\query.js:2411:10)
    at model.Query._findOne (E:\Bcc Seo\backend\node_modules\mongoose\lib\query.js:2758:8)
    at maybeTracedQueryExec (E:\Bcc Seo\backend\node_modules\mongoose\lib\query.js:4801:83)
    at process.processTicksAndRejections (node:internal/process/task_queues:105:5)
    at async exports.getInvoice (E:\Bcc Seo\backend\src\modules\invoices\invoice.controller.js:133:21)\n\n2026-07-29T10:27:50.678Z\nCastError: Cast to ObjectId failed for value "undefined" (type string) at path "_id" for model "Invoice"
    at SchemaObjectId.cast (E:\Bcc Seo\backend\node_modules\mongoose\lib\schema\objectId.js:252:11)
    at SchemaType.applySetters (E:\Bcc Seo\backend\node_modules\mongoose\lib\schemaType.js:1373:12)
    at SchemaType.castForQuery (E:\Bcc Seo\backend\node_modules\mongoose\lib\schemaType.js:1793:17)
    at cast (E:\Bcc Seo\backend\node_modules\mongoose\lib\cast.js:386:32)
    at Query.cast (E:\Bcc Seo\backend\node_modules\mongoose\lib\query.js:5228:12)
    at Query._castConditions (E:\Bcc Seo\backend\node_modules\mongoose\lib\query.js:2411:10)
    at model.Query._findOne (E:\Bcc Seo\backend\node_modules\mongoose\lib\query.js:2758:8)
    at maybeTracedQueryExec (E:\Bcc Seo\backend\node_modules\mongoose\lib\query.js:4801:83)
    at process.processTicksAndRejections (node:internal/process/task_queues:105:5)
    at async exports.getInvoice (E:\Bcc Seo\backend\src\modules\invoices\invoice.controller.js:133:21)\n\n2026-07-31T04:53:16.857Z\nValidationError: Validation failed: role: `6a6304d76c45eb55a98f503e` is not a valid enum value for path `role`.
    at model.Query.validate (E:\Bcc Seo\backend\node_modules\mongoose\lib\query.js:4189:19)
    at process.processTicksAndRejections (node:internal/process/task_queues:105:5)
    at async model.Query._findOneAndUpdate (E:\Bcc Seo\backend\node_modules\mongoose\lib\query.js:3616:5)
    at async maybeTracedQueryExec (E:\Bcc Seo\backend\node_modules\mongoose\lib\query.js:4801:65)
    at async exports.updateUser (E:\Bcc Seo\backend\src\modules\auth\user.controller.js:269:18)\n\n2026-08-01T08:08:46.198Z\nReferenceError: effectiveTheme is not defined
    at exports.me (E:\Bcc Seo\backend\src\modules\auth\auth.controller.js:235:9)
    at process.processTicksAndRejections (node:internal/process/task_queues:105:5)\n\n2026-08-01T08:08:46.349Z\nReferenceError: effectiveTheme is not defined
    at exports.me (E:\Bcc Seo\backend\src\modules\auth\auth.controller.js:235:9)
    at process.processTicksAndRejections (node:internal/process/task_queues:105:5)\n\n2026-08-03T06:14:43.020Z\nReferenceError: effectiveTheme is not defined
    at exports.me (E:\Bcc Seo\backend\src\modules\auth\auth.controller.js:235:9)
    at process.processTicksAndRejections (node:internal/process/task_queues:105:5)\n\n2026-08-03T06:14:43.151Z\nReferenceError: effectiveTheme is not defined
    at exports.me (E:\Bcc Seo\backend\src\modules\auth\auth.controller.js:235:9)
    at process.processTicksAndRejections (node:internal/process/task_queues:105:5)\n\n2026-08-03T12:41:12.693Z\nError: Cannot find module '../accounts/clientPackage.model'
Require stack:
- E:\Bcc Seo\backend\src\modules\auth\auth.controller.js
- E:\Bcc Seo\backend\src\modules\auth\auth.routes.js
- E:\Bcc Seo\backend\src\routes\index.js
- E:\Bcc Seo\backend\src\app.js
- E:\Bcc Seo\backend\server.js
    at Function._resolveFilename (node:internal/modules/cjs/loader:1249:15)
    at Function._load (node:internal/modules/cjs/loader:1075:27)
    at TracingChannel.traceSync (node:diagnostics_channel:322:14)
    at wrapModuleLoad (node:internal/modules/cjs/loader:219:24)
    at Module.require (node:internal/modules/cjs/loader:1340:12)
    at require (node:internal/modules/helpers:138:16)
    at exports.signin (E:\Bcc Seo\backend\src\modules\auth\auth.controller.js:135:27)\n\n2026-08-03T14:07:14.045Z\nReferenceError: effectiveTheme is not defined
    at exports.me (E:\Bcc Seo\backend\src\modules\auth\auth.controller.js:275:9)
    at process.processTicksAndRejections (node:internal/process/task_queues:105:5)\n\n2026-08-03T14:07:14.192Z\nReferenceError: effectiveTheme is not defined
    at exports.me (E:\Bcc Seo\backend\src\modules\auth\auth.controller.js:275:9)
    at process.processTicksAndRejections (node:internal/process/task_queues:105:5)\n\n2026-08-03T14:07:42.980Z\nReferenceError: effectiveTheme is not defined
    at exports.me (E:\Bcc Seo\backend\src\modules\auth\auth.controller.js:275:9)
    at process.processTicksAndRejections (node:internal/process/task_queues:105:5)\n\n2026-08-03T14:07:43.119Z\nReferenceError: effectiveTheme is not defined
    at exports.me (E:\Bcc Seo\backend\src\modules\auth\auth.controller.js:275:9)
    at process.processTicksAndRejections (node:internal/process/task_queues:105:5)\n\n
>>>>>>> Stashed changes
<<<<<<< HEAD
2026-08-04T10:33:26.151Z\nError: Failed to sync data from Meta
    at Object.syncPerformanceAds (E:\Bcc Seo\backend\src\modules\performanceAds\performanceAds.service.js:179:11)
    at process.processTicksAndRejections (node:internal/process/task_queues:105:5)
    at async exports.syncData (E:\Bcc Seo\backend\src\modules\performanceAds\performanceAds.controller.js:42:23)\n\n2026-08-04T10:33:33.665Z\nError: Failed to sync data from Meta
    at Object.syncPerformanceAds (E:\Bcc Seo\backend\src\modules\performanceAds\performanceAds.service.js:179:11)
    at process.processTicksAndRejections (node:internal/process/task_queues:105:5)
    at async exports.syncData (E:\Bcc Seo\backend\src\modules\performanceAds\performanceAds.controller.js:42:23)\n\n
=======
2026-08-05T05:52:30.711Z\nSyntaxError: Unexpected token '"', ""6a72cea8e"... is not valid JSON
    at JSON.parse (<anonymous>)
    at createStrictSyntaxError (D:\Louis\Task\BCC\bcc 1\bcc\backend\node_modules\body-parser\lib\types\json.js:137:10)
    at parse (D:\Louis\Task\BCC\bcc 1\bcc\backend\node_modules\body-parser\lib\types\json.js:86:15)
    at D:\Louis\Task\BCC\bcc 1\bcc\backend\node_modules\body-parser\lib\read.js:162:18
    at AsyncResource.runInAsyncScope (node:async_hooks:214:14)
    at invokeCallback (D:\Louis\Task\BCC\bcc 1\bcc\backend\node_modules\raw-body\index.js:238:16)
    at done (D:\Louis\Task\BCC\bcc 1\bcc\backend\node_modules\raw-body\index.js:227:7)
    at IncomingMessage.onEnd (D:\Louis\Task\BCC\bcc 1\bcc\backend\node_modules\raw-body\index.js:287:7)
    at IncomingMessage.emit (node:events:518:28)
    at endReadableNT (node:internal/streams/readable:1698:12)
    at process.processTicksAndRejections (node:internal/process/task_queues:90:21)\n\n
>>>>>>> origin/louis-v2
2026-08-05T08:40:22.854Z\nError: Not allowed by CORS
    at origin (E:\Bcc Seo\backend\src\app.js:27:16)
    at E:\Bcc Seo\backend\node_modules\cors\lib\index.js:219:13
    at optionsCallback (E:\Bcc Seo\backend\node_modules\cors\lib\index.js:199:9)
    at corsMiddleware (E:\Bcc Seo\backend\node_modules\cors\lib\index.js:204:7)
    at Layer.handleRequest (E:\Bcc Seo\backend\node_modules\router\lib\layer.js:152:17)
    at trimPrefix (E:\Bcc Seo\backend\node_modules\router\index.js:342:13)
    at E:\Bcc Seo\backend\node_modules\router\index.js:297:9
    at processParams (E:\Bcc Seo\backend\node_modules\router\index.js:582:12)
    at next (E:\Bcc Seo\backend\node_modules\router\index.js:291:5)
    at Function.handle (E:\Bcc Seo\backend\node_modules\router\index.js:186:3)
    at Function.handle (E:\Bcc Seo\backend\node_modules\express\lib\application.js:177:15)
    at Server.app (E:\Bcc Seo\backend\node_modules\express\lib\express.js:38:9)
    at Server.emit (node:events:524:28)
    at parserOnIncoming (node:_http_server:1153:12)
    at HTTPParser.parserOnHeadersComplete (node:_http_common:117:17)\n\n2026-08-05T08:40:22.888Z\nError: Not allowed by CORS
    at origin (E:\Bcc Seo\backend\src\app.js:27:16)
    at E:\Bcc Seo\backend\node_modules\cors\lib\index.js:219:13
    at optionsCallback (E:\Bcc Seo\backend\node_modules\cors\lib\index.js:199:9)
    at corsMiddleware (E:\Bcc Seo\backend\node_modules\cors\lib\index.js:204:7)
    at Layer.handleRequest (E:\Bcc Seo\backend\node_modules\router\lib\layer.js:152:17)
    at trimPrefix (E:\Bcc Seo\backend\node_modules\router\index.js:342:13)
    at E:\Bcc Seo\backend\node_modules\router\index.js:297:9
    at processParams (E:\Bcc Seo\backend\node_modules\router\index.js:582:12)
    at next (E:\Bcc Seo\backend\node_modules\router\index.js:291:5)
    at Function.handle (E:\Bcc Seo\backend\node_modules\router\index.js:186:3)
    at Function.handle (E:\Bcc Seo\backend\node_modules\express\lib\application.js:177:15)
    at Server.app (E:\Bcc Seo\backend\node_modules\express\lib\express.js:38:9)
    at Server.emit (node:events:524:28)
    at parserOnIncoming (node:_http_server:1153:12)
    at HTTPParser.parserOnHeadersComplete (node:_http_common:117:17)\n\n2026-08-05T08:40:43.061Z\nError: Not allowed by CORS
    at origin (E:\Bcc Seo\backend\src\app.js:27:16)
    at E:\Bcc Seo\backend\node_modules\cors\lib\index.js:219:13
    at optionsCallback (E:\Bcc Seo\backend\node_modules\cors\lib\index.js:199:9)
    at corsMiddleware (E:\Bcc Seo\backend\node_modules\cors\lib\index.js:204:7)
    at Layer.handleRequest (E:\Bcc Seo\backend\node_modules\router\lib\layer.js:152:17)
    at trimPrefix (E:\Bcc Seo\backend\node_modules\router\index.js:342:13)
    at E:\Bcc Seo\backend\node_modules\router\index.js:297:9
    at processParams (E:\Bcc Seo\backend\node_modules\router\index.js:582:12)
    at next (E:\Bcc Seo\backend\node_modules\router\index.js:291:5)
    at Function.handle (E:\Bcc Seo\backend\node_modules\router\index.js:186:3)
    at Function.handle (E:\Bcc Seo\backend\node_modules\express\lib\application.js:177:15)
    at Server.app (E:\Bcc Seo\backend\node_modules\express\lib\express.js:38:9)
    at Server.emit (node:events:524:28)
    at parserOnIncoming (node:_http_server:1153:12)
    at HTTPParser.parserOnHeadersComplete (node:_http_common:117:17)\n\n2026-08-05T08:41:02.625Z\nError: Not allowed by CORS
    at origin (E:\Bcc Seo\backend\src\app.js:27:16)
    at E:\Bcc Seo\backend\node_modules\cors\lib\index.js:219:13
    at optionsCallback (E:\Bcc Seo\backend\node_modules\cors\lib\index.js:199:9)
    at corsMiddleware (E:\Bcc Seo\backend\node_modules\cors\lib\index.js:204:7)
    at Layer.handleRequest (E:\Bcc Seo\backend\node_modules\router\lib\layer.js:152:17)
    at trimPrefix (E:\Bcc Seo\backend\node_modules\router\index.js:342:13)
    at E:\Bcc Seo\backend\node_modules\router\index.js:297:9
    at processParams (E:\Bcc Seo\backend\node_modules\router\index.js:582:12)
    at next (E:\Bcc Seo\backend\node_modules\router\index.js:291:5)
    at Function.handle (E:\Bcc Seo\backend\node_modules\router\index.js:186:3)
    at Function.handle (E:\Bcc Seo\backend\node_modules\express\lib\application.js:177:15)
    at Server.app (E:\Bcc Seo\backend\node_modules\express\lib\express.js:38:9)
    at Server.emit (node:events:524:28)
    at parserOnIncoming (node:_http_server:1153:12)
    at HTTPParser.parserOnHeadersComplete (node:_http_common:117:17)\n\n2026-08-05T08:41:14.957Z\nError: Not allowed by CORS
    at origin (E:\Bcc Seo\backend\src\app.js:27:16)
    at E:\Bcc Seo\backend\node_modules\cors\lib\index.js:219:13
    at optionsCallback (E:\Bcc Seo\backend\node_modules\cors\lib\index.js:199:9)
    at corsMiddleware (E:\Bcc Seo\backend\node_modules\cors\lib\index.js:204:7)
    at Layer.handleRequest (E:\Bcc Seo\backend\node_modules\router\lib\layer.js:152:17)
    at trimPrefix (E:\Bcc Seo\backend\node_modules\router\index.js:342:13)
    at E:\Bcc Seo\backend\node_modules\router\index.js:297:9
    at processParams (E:\Bcc Seo\backend\node_modules\router\index.js:582:12)
    at next (E:\Bcc Seo\backend\node_modules\router\index.js:291:5)
    at Function.handle (E:\Bcc Seo\backend\node_modules\router\index.js:186:3)
    at Function.handle (E:\Bcc Seo\backend\node_modules\express\lib\application.js:177:15)
    at Server.app (E:\Bcc Seo\backend\node_modules\express\lib\express.js:38:9)
    at Server.emit (node:events:524:28)
    at parserOnIncoming (node:_http_server:1153:12)
    at HTTPParser.parserOnHeadersComplete (node:_http_common:117:17)\n\n2026-08-05T12:01:18.210Z\nError: Cannot find module '../auth/role.model'
Require stack:
- E:\Bcc Seo\backend\src\modules\accounts\brand.controller.js
- E:\Bcc Seo\backend\src\modules\accounts\brand.routes.js
- E:\Bcc Seo\backend\src\routes\index.js
- E:\Bcc Seo\backend\src\app.js
- E:\Bcc Seo\backend\server.js
    at Function._resolveFilename (node:internal/modules/cjs/loader:1249:15)
    at Function._load (node:internal/modules/cjs/loader:1075:27)
    at TracingChannel.traceSync (node:diagnostics_channel:322:14)
    at wrapModuleLoad (node:internal/modules/cjs/loader:219:24)
    at Module.require (node:internal/modules/cjs/loader:1340:12)
    at require (node:internal/modules/helpers:138:16)
    at exports.createBrand (E:\Bcc Seo\backend\src\modules\accounts\brand.controller.js:74:22)
    at process.processTicksAndRejections (node:internal/process/task_queues:105:5)\n\n2026-08-05T12:01:23.650Z\nError: Cannot find module '../auth/role.model'
Require stack:
- E:\Bcc Seo\backend\src\modules\accounts\brand.controller.js
- E:\Bcc Seo\backend\src\modules\accounts\brand.routes.js
- E:\Bcc Seo\backend\src\routes\index.js
- E:\Bcc Seo\backend\src\app.js
- E:\Bcc Seo\backend\server.js
    at Function._resolveFilename (node:internal/modules/cjs/loader:1249:15)
    at Function._load (node:internal/modules/cjs/loader:1075:27)
    at TracingChannel.traceSync (node:diagnostics_channel:322:14)
    at wrapModuleLoad (node:internal/modules/cjs/loader:219:24)
    at Module.require (node:internal/modules/cjs/loader:1340:12)
    at require (node:internal/modules/helpers:138:16)
    at exports.createBrand (E:\Bcc Seo\backend\src\modules\accounts\brand.controller.js:74:22)
    at process.processTicksAndRejections (node:internal/process/task_queues:105:5)\n\n2026-08-11T08:03:44.741Z\nError: AI returned an invalid edit operation.
    at Object.aiEditWebsite (D:\Louis\Task\BCC\bcc 1\bcc\backend\src\modules\websites\services\websiteAiEdit.service.js:156:11)
    at process.processTicksAndRejections (node:internal/process/task_queues:105:5)
    at async exports.aiEditWebsite (D:\Louis\Task\BCC\bcc 1\bcc\backend\src\modules\websites\website.controller.js:1097:20)\n\n2026-08-11T08:05:39.970Z\nError: AI returned an invalid edit operation.
    at Object.aiEditWebsite (D:\Louis\Task\BCC\bcc 1\bcc\backend\src\modules\websites\services\websiteAiEdit.service.js:156:11)
    at process.processTicksAndRejections (node:internal/process/task_queues:105:5)
    at async exports.aiEditWebsite (D:\Louis\Task\BCC\bcc 1\bcc\backend\src\modules\websites\website.controller.js:1097:20)\n\n2026-08-12T13:18:35.049Z\nSyntaxError: Unexpected token '"', ""6a7c71969"... is not valid JSON
    at JSON.parse (<anonymous>)
    at createStrictSyntaxError (E:\Office Projects\Bcc Seo\backend\node_modules\body-parser\lib\types\json.js:137:10)
    at parse (E:\Office Projects\Bcc Seo\backend\node_modules\body-parser\lib\types\json.js:86:15)
    at E:\Office Projects\Bcc Seo\backend\node_modules\body-parser\lib\read.js:162:18
    at AsyncResource.runInAsyncScope (node:async_hooks:211:14)
    at invokeCallback (E:\Office Projects\Bcc Seo\backend\node_modules\raw-body\index.js:238:16)
    at done (E:\Office Projects\Bcc Seo\backend\node_modules\raw-body\index.js:227:7)
    at IncomingMessage.onEnd (E:\Office Projects\Bcc Seo\backend\node_modules\raw-body\index.js:287:7)
    at IncomingMessage.emit (node:events:524:28)
    at endReadableNT (node:internal/streams/readable:1698:12)
    at process.processTicksAndRejections (node:internal/process/task_queues:90:21)\n\n2026-08-12T14:33:21.435Z\nAxiosError: Request failed with status code 403
    at settle (E:\Office Projects\Bcc Seo\backend\node_modules\axios\dist\node\axios.cjs:2216:12)
    at IncomingMessage.handleStreamEnd (E:\Office Projects\Bcc Seo\backend\node_modules\axios\dist\node\axios.cjs:4062:11)
    at IncomingMessage.emit (node:events:536:35)
    at endReadableNT (node:internal/streams/readable:1698:12)
    at process.processTicksAndRejections (node:internal/process/task_queues:90:21)
    at Axios.request (E:\Office Projects\Bcc Seo\backend\node_modules\axios\dist\node\axios.cjs:5517:41)
    at process.processTicksAndRejections (node:internal/process/task_queues:105:5)
    at async exports.getAdAccounts (E:\Office Projects\Bcc Seo\backend\src\modules\integrations\meta.controller.js:137:25)\n\n2026-08-12T14:34:09.837Z\nAxiosError: Request failed with status code 403
    at settle (E:\Office Projects\Bcc Seo\backend\node_modules\axios\dist\node\axios.cjs:2216:12)
    at IncomingMessage.handleStreamEnd (E:\Office Projects\Bcc Seo\backend\node_modules\axios\dist\node\axios.cjs:4062:11)
    at IncomingMessage.emit (node:events:536:35)
    at endReadableNT (node:internal/streams/readable:1698:12)
    at process.processTicksAndRejections (node:internal/process/task_queues:90:21)
    at Axios.request (E:\Office Projects\Bcc Seo\backend\node_modules\axios\dist\node\axios.cjs:5517:41)
    at process.processTicksAndRejections (node:internal/process/task_queues:105:5)
<<<<<<< HEAD
    at async exports.getAdAccounts (E:\Office Projects\Bcc Seo\backend\src\modules\integrations\meta.controller.js:137:25)\n\n2026-08-13T13:34:39.290Z\nMulterError: File too large
    at abortWithCode (E:\Office Projects\Bcc Seo\backend\node_modules\multer\lib\make-middleware.js:107:22)
    at FileStream.<anonymous> (E:\Office Projects\Bcc Seo\backend\node_modules\multer\lib\make-middleware.js:221:11)
    at FileStream.emit (node:events:524:28)
    at SBMH.ssCb [as _cb] (E:\Office Projects\Bcc Seo\backend\node_modules\busboy\lib\types\multipart.js:479:32)
    at feed (E:\Office Projects\Bcc Seo\backend\node_modules\streamsearch\lib\sbmh.js:248:10)
    at SBMH.push (E:\Office Projects\Bcc Seo\backend\node_modules\streamsearch\lib\sbmh.js:104:16)
    at Multipart._write (E:\Office Projects\Bcc Seo\backend\node_modules\busboy\lib\types\multipart.js:567:19)
    at writeOrBuffer (node:internal/streams/writable:572:12)
    at _write (node:internal/streams/writable:501:10)
    at Writable.write (node:internal/streams/writable:510:10)
    at IncomingMessage.ondata (node:internal/streams/readable:1009:22)
    at IncomingMessage.emit (node:events:524:28)
    at addChunk (node:internal/streams/readable:561:12)
    at readableAddChunkPushByteMode (node:internal/streams/readable:512:3)
    at Readable.push (node:internal/streams/readable:392:5)
    at HTTPParser.parserOnBody (node:_http_common:129:24)\n\n
=======
    at async exports.getAdAccounts (E:\Office Projects\Bcc Seo\backend\src\modules\integrations\meta.controller.js:137:25)\n\n2026-08-13T07:54:31.885Z\nError: Integration type "ekta" is invalid or not available in your scope.
    at validatePackageIntegrations (D:\Louis\Task\BCC\bcc 1\bcc\backend\src\modules\packages\package.controller.js:18:13)
    at process.processTicksAndRejections (node:internal/process/task_queues:105:5)
    at async exports.createPackage (D:\Louis\Task\BCC\bcc 1\bcc\backend\src\modules\packages\package.controller.js:189:7)\n\n2026-08-13T07:54:38.543Z\nError: Integration type "ekta" is invalid or not available in your scope.
    at validatePackageIntegrations (D:\Louis\Task\BCC\bcc 1\bcc\backend\src\modules\packages\package.controller.js:18:13)
    at process.processTicksAndRejections (node:internal/process/task_queues:105:5)
    at async exports.createPackage (D:\Louis\Task\BCC\bcc 1\bcc\backend\src\modules\packages\package.controller.js:189:7)\n\n2026-08-13T07:54:40.021Z\nError: Integration type "ekta" is invalid or not available in your scope.
    at validatePackageIntegrations (D:\Louis\Task\BCC\bcc 1\bcc\backend\src\modules\packages\package.controller.js:18:13)
    at process.processTicksAndRejections (node:internal/process/task_queues:105:5)
    at async exports.createPackage (D:\Louis\Task\BCC\bcc 1\bcc\backend\src\modules\packages\package.controller.js:189:7)\n\n2026-08-13T07:54:52.892Z\nError: Integration type "ekta" is invalid or not available in your scope.
    at validatePackageIntegrations (D:\Louis\Task\BCC\bcc 1\bcc\backend\src\modules\packages\package.controller.js:18:13)
    at process.processTicksAndRejections (node:internal/process/task_queues:105:5)
    at async exports.createPackage (D:\Louis\Task\BCC\bcc 1\bcc\backend\src\modules\packages\package.controller.js:189:7)\n\n2026-08-13T10:55:54.458Z\nMongoServerError: E11000 duplicate key error collection: bcc.users index: email_1 dup key: { email: "agencymanager@gmail.com" }
    at InsertOneOperation.handleOk (D:\Louis\Task\BCC\bcc 1\bcc\backend\node_modules\mongodb\lib\operations\insert.js:51:19)
    at executeOperationWithRetries (D:\Louis\Task\BCC\bcc 1\bcc\backend\node_modules\mongodb\lib\operations\execute_operation.js:194:34)
    at process.processTicksAndRejections (node:internal/process/task_queues:105:5)
    at async executeOperation (D:\Louis\Task\BCC\bcc 1\bcc\backend\node_modules\mongodb\lib\operations\execute_operation.js:83:16)
    at async Collection.insertOne (D:\Louis\Task\BCC\bcc 1\bcc\backend\node_modules\mongodb\lib\collection.js:154:16)
    at async model.$__save (D:\Louis\Task\BCC\bcc 1\bcc\backend\node_modules\mongoose\lib\model.js:434:16)
    at async maybeTracedSave (D:\Louis\Task\BCC\bcc 1\bcc\backend\node_modules\mongoose\lib\model.js:675:7)
    at async Function.create (D:\Louis\Task\BCC\bcc 1\bcc\backend\node_modules\mongoose\lib\model.js:2763:5)
    at async exports.createUser (D:\Louis\Task\BCC\bcc 1\bcc\backend\src\modules\auth\user.controller.js:228:18)\n\n2026-08-13T10:56:00.848Z\nMongoServerError: E11000 duplicate key error collection: bcc.users index: email_1 dup key: { email: "agencymanager@gmail.com" }
    at InsertOneOperation.handleOk (D:\Louis\Task\BCC\bcc 1\bcc\backend\node_modules\mongodb\lib\operations\insert.js:51:19)
    at executeOperationWithRetries (D:\Louis\Task\BCC\bcc 1\bcc\backend\node_modules\mongodb\lib\operations\execute_operation.js:194:34)
    at process.processTicksAndRejections (node:internal/process/task_queues:105:5)
    at async executeOperation (D:\Louis\Task\BCC\bcc 1\bcc\backend\node_modules\mongodb\lib\operations\execute_operation.js:83:16)
    at async Collection.insertOne (D:\Louis\Task\BCC\bcc 1\bcc\backend\node_modules\mongodb\lib\collection.js:154:16)
    at async model.$__save (D:\Louis\Task\BCC\bcc 1\bcc\backend\node_modules\mongoose\lib\model.js:434:16)
    at async maybeTracedSave (D:\Louis\Task\BCC\bcc 1\bcc\backend\node_modules\mongoose\lib\model.js:675:7)
    at async Function.create (D:\Louis\Task\BCC\bcc 1\bcc\backend\node_modules\mongoose\lib\model.js:2763:5)
    at async exports.createUser (D:\Louis\Task\BCC\bcc 1\bcc\backend\src\modules\auth\user.controller.js:228:18)\n\n2026-08-13T10:56:06.663Z\nMongoServerError: E11000 duplicate key error collection: bcc.users index: email_1 dup key: { email: "agencymanager@gmail.com" }
    at InsertOneOperation.handleOk (D:\Louis\Task\BCC\bcc 1\bcc\backend\node_modules\mongodb\lib\operations\insert.js:51:19)
    at executeOperationWithRetries (D:\Louis\Task\BCC\bcc 1\bcc\backend\node_modules\mongodb\lib\operations\execute_operation.js:194:34)
    at process.processTicksAndRejections (node:internal/process/task_queues:105:5)
    at async executeOperation (D:\Louis\Task\BCC\bcc 1\bcc\backend\node_modules\mongodb\lib\operations\execute_operation.js:83:16)
    at async Collection.insertOne (D:\Louis\Task\BCC\bcc 1\bcc\backend\node_modules\mongodb\lib\collection.js:154:16)
    at async model.$__save (D:\Louis\Task\BCC\bcc 1\bcc\backend\node_modules\mongoose\lib\model.js:434:16)
    at async maybeTracedSave (D:\Louis\Task\BCC\bcc 1\bcc\backend\node_modules\mongoose\lib\model.js:675:7)
    at async Function.create (D:\Louis\Task\BCC\bcc 1\bcc\backend\node_modules\mongoose\lib\model.js:2763:5)
    at async exports.createUser (D:\Louis\Task\BCC\bcc 1\bcc\backend\src\modules\auth\user.controller.js:228:18)\n\n2026-08-13T10:56:08.742Z\nMongoServerError: E11000 duplicate key error collection: bcc.users index: email_1 dup key: { email: "agencymanager@gmail.com" }
    at InsertOneOperation.handleOk (D:\Louis\Task\BCC\bcc 1\bcc\backend\node_modules\mongodb\lib\operations\insert.js:51:19)
    at executeOperationWithRetries (D:\Louis\Task\BCC\bcc 1\bcc\backend\node_modules\mongodb\lib\operations\execute_operation.js:194:34)
    at process.processTicksAndRejections (node:internal/process/task_queues:105:5)
    at async executeOperation (D:\Louis\Task\BCC\bcc 1\bcc\backend\node_modules\mongodb\lib\operations\execute_operation.js:83:16)
    at async Collection.insertOne (D:\Louis\Task\BCC\bcc 1\bcc\backend\node_modules\mongodb\lib\collection.js:154:16)
    at async model.$__save (D:\Louis\Task\BCC\bcc 1\bcc\backend\node_modules\mongoose\lib\model.js:434:16)
    at async maybeTracedSave (D:\Louis\Task\BCC\bcc 1\bcc\backend\node_modules\mongoose\lib\model.js:675:7)
    at async Function.create (D:\Louis\Task\BCC\bcc 1\bcc\backend\node_modules\mongoose\lib\model.js:2763:5)
    at async exports.createUser (D:\Louis\Task\BCC\bcc 1\bcc\backend\src\modules\auth\user.controller.js:228:18)\n\n2026-08-13T11:01:15.835Z\nMongoServerError: E11000 duplicate key error collection: bcc.users index: email_1 dup key: { email: "agencymanager@gmail.com" }
    at InsertOneOperation.handleOk (D:\Louis\Task\BCC\bcc 1\bcc\backend\node_modules\mongodb\lib\operations\insert.js:51:19)
    at executeOperationWithRetries (D:\Louis\Task\BCC\bcc 1\bcc\backend\node_modules\mongodb\lib\operations\execute_operation.js:194:34)
    at process.processTicksAndRejections (node:internal/process/task_queues:105:5)
    at async executeOperation (D:\Louis\Task\BCC\bcc 1\bcc\backend\node_modules\mongodb\lib\operations\execute_operation.js:83:16)
    at async Collection.insertOne (D:\Louis\Task\BCC\bcc 1\bcc\backend\node_modules\mongodb\lib\collection.js:154:16)
    at async model.$__save (D:\Louis\Task\BCC\bcc 1\bcc\backend\node_modules\mongoose\lib\model.js:434:16)
    at async maybeTracedSave (D:\Louis\Task\BCC\bcc 1\bcc\backend\node_modules\mongoose\lib\model.js:675:7)
    at async Function.create (D:\Louis\Task\BCC\bcc 1\bcc\backend\node_modules\mongoose\lib\model.js:2763:5)
    at async exports.createUser (D:\Louis\Task\BCC\bcc 1\bcc\backend\src\modules\auth\user.controller.js:228:18)\n\n2026-08-13T11:04:25.772Z\nMongoServerError: E11000 duplicate key error collection: bcc.users index: email_1 dup key: { email: "agencymanager@gmail.com" }
    at InsertOneOperation.handleOk (D:\Louis\Task\BCC\bcc 1\bcc\backend\node_modules\mongodb\lib\operations\insert.js:51:19)
    at executeOperationWithRetries (D:\Louis\Task\BCC\bcc 1\bcc\backend\node_modules\mongodb\lib\operations\execute_operation.js:194:34)
    at process.processTicksAndRejections (node:internal/process/task_queues:105:5)
    at async executeOperation (D:\Louis\Task\BCC\bcc 1\bcc\backend\node_modules\mongodb\lib\operations\execute_operation.js:83:16)
    at async Collection.insertOne (D:\Louis\Task\BCC\bcc 1\bcc\backend\node_modules\mongodb\lib\collection.js:154:16)
    at async model.$__save (D:\Louis\Task\BCC\bcc 1\bcc\backend\node_modules\mongoose\lib\model.js:434:16)
    at async maybeTracedSave (D:\Louis\Task\BCC\bcc 1\bcc\backend\node_modules\mongoose\lib\model.js:675:7)
    at async Function.create (D:\Louis\Task\BCC\bcc 1\bcc\backend\node_modules\mongoose\lib\model.js:2763:5)
    at async exports.createUser (D:\Louis\Task\BCC\bcc 1\bcc\backend\src\modules\auth\user.controller.js:228:18)\n\n2026-08-13T11:20:34.948Z\nStrictPopulateError: Cannot populate path `assignee` because it is not in your schema. Set the `strictPopulate` option to false to override.
    at getModelsMapForPopulate (D:\Louis\Task\BCC\bcc 1\bcc\backend\node_modules\mongoose\lib\helpers\populate\getModelsMapForPopulate.js:55:12)
    at _populatePath (D:\Louis\Task\BCC\bcc 1\bcc\backend\node_modules\mongoose\lib\model.js:4496:21)
    at Function.populate (D:\Louis\Task\BCC\bcc 1\bcc\backend\node_modules\mongoose\lib\model.js:4463:21)
    at model.Query._find (D:\Louis\Task\BCC\bcc 1\bcc\backend\node_modules\mongoose\lib\query.js:2511:20)
    at process.processTicksAndRejections (node:internal/process/task_queues:105:5)
    at async maybeTracedQueryExec (D:\Louis\Task\BCC\bcc 1\bcc\backend\node_modules\mongoose\lib\query.js:4801:65)
    at async exports.getAgencyOperationsDashboard (D:\Louis\Task\BCC\bcc 1\bcc\backend\src\modules\accounts\agencyDashboard.service.js:163:23)
    at async exports.getOverviewData (D:\Louis\Task\BCC\bcc 1\bcc\backend\src\modules\accounts\agencyOverview.controller.js:16:14)\n\n2026-08-13T11:20:35.164Z\nStrictPopulateError: Cannot populate path `assignee` because it is not in your schema. Set the `strictPopulate` option to false to override.
    at getModelsMapForPopulate (D:\Louis\Task\BCC\bcc 1\bcc\backend\node_modules\mongoose\lib\helpers\populate\getModelsMapForPopulate.js:55:12)
    at _populatePath (D:\Louis\Task\BCC\bcc 1\bcc\backend\node_modules\mongoose\lib\model.js:4496:21)
    at Function.populate (D:\Louis\Task\BCC\bcc 1\bcc\backend\node_modules\mongoose\lib\model.js:4463:21)
    at model.Query._find (D:\Louis\Task\BCC\bcc 1\bcc\backend\node_modules\mongoose\lib\query.js:2511:20)
    at process.processTicksAndRejections (node:internal/process/task_queues:105:5)
    at async maybeTracedQueryExec (D:\Louis\Task\BCC\bcc 1\bcc\backend\node_modules\mongoose\lib\query.js:4801:65)
    at async exports.getAgencyOperationsDashboard (D:\Louis\Task\BCC\bcc 1\bcc\backend\src\modules\accounts\agencyDashboard.service.js:163:23)
    at async exports.getOverviewData (D:\Louis\Task\BCC\bcc 1\bcc\backend\src\modules\accounts\agencyOverview.controller.js:16:14)\n\n2026-08-13T11:31:35.764Z\nReferenceError: executionActivityData is not defined
    at exports.getCommandCenterData (D:\Louis\Task\BCC\bcc 1\bcc\backend\src\modules\commander\commander.controller.js:179:9)
    at process.processTicksAndRejections (node:internal/process/task_queues:105:5)\n\n2026-08-13T11:31:36.041Z\nReferenceError: executionActivityData is not defined
    at exports.getCommandCenterData (D:\Louis\Task\BCC\bcc 1\bcc\backend\src\modules\commander\commander.controller.js:179:9)
    at process.processTicksAndRejections (node:internal/process/task_queues:105:5)\n\n2026-08-13T11:32:02.209Z\nReferenceError: executionActivityData is not defined
    at exports.getCommandCenterData (D:\Louis\Task\BCC\bcc 1\bcc\backend\src\modules\commander\commander.controller.js:179:9)
    at process.processTicksAndRejections (node:internal/process/task_queues:105:5)\n\n2026-08-13T11:32:02.897Z\nReferenceError: executionActivityData is not defined
    at exports.getCommandCenterData (D:\Louis\Task\BCC\bcc 1\bcc\backend\src\modules\commander\commander.controller.js:179:9)
    at process.processTicksAndRejections (node:internal/process/task_queues:105:5)\n\n
>>>>>>> origin/louis-v3
2026-08-14T07:34:01.802Z\nCastError: Cast to Number failed for value "5.0L" (type string) at path "mrr"
    at SchemaNumber.cast (D:\Louis\Task\BCC\bcc 1\bcc\backend\node_modules\mongoose\lib\schema\number.js:412:11)
    at SchemaType.applySetters (D:\Louis\Task\BCC\bcc 1\bcc\backend\node_modules\mongoose\lib\schemaType.js:1373:12)
    at SchemaNumber.castForQuery (D:\Louis\Task\BCC\bcc 1\bcc\backend\node_modules\mongoose\lib\schema\number.js:481:16)
    at castUpdateVal (D:\Louis\Task\BCC\bcc 1\bcc\backend\node_modules\mongoose\lib\helpers\query\castUpdate.js:639:19)
    at walkUpdatePath (D:\Louis\Task\BCC\bcc 1\bcc\backend\node_modules\mongoose\lib\helpers\query\castUpdate.js:442:24)
    at castUpdate (D:\Louis\Task\BCC\bcc 1\bcc\backend\node_modules\mongoose\lib\helpers\query\castUpdate.js:148:7)
    at model.Query._castUpdate (D:\Louis\Task\BCC\bcc 1\bcc\backend\node_modules\mongoose\lib\query.js:5043:10)
    at model.Query._findOneAndUpdate (D:\Louis\Task\BCC\bcc 1\bcc\backend\node_modules\mongoose\lib\query.js:3579:34)
    at maybeTracedQueryExec (D:\Louis\Task\BCC\bcc 1\bcc\backend\node_modules\mongoose\lib\query.js:4801:83)
    at process.processTicksAndRejections (node:internal/process/task_queues:105:5)
    at async exports.updateBrand (D:\Louis\Task\BCC\bcc 1\bcc\backend\src\modules\accounts\brand.controller.js:406:19)\n\n2026-08-14T07:34:06.699Z\nCastError: Cast to Number failed for value "5.0L" (type string) at path "mrr"
    at SchemaNumber.cast (D:\Louis\Task\BCC\bcc 1\bcc\backend\node_modules\mongoose\lib\schema\number.js:412:11)
    at SchemaType.applySetters (D:\Louis\Task\BCC\bcc 1\bcc\backend\node_modules\mongoose\lib\schemaType.js:1373:12)
    at SchemaNumber.castForQuery (D:\Louis\Task\BCC\bcc 1\bcc\backend\node_modules\mongoose\lib\schema\number.js:481:16)
    at castUpdateVal (D:\Louis\Task\BCC\bcc 1\bcc\backend\node_modules\mongoose\lib\helpers\query\castUpdate.js:639:19)
    at walkUpdatePath (D:\Louis\Task\BCC\bcc 1\bcc\backend\node_modules\mongoose\lib\helpers\query\castUpdate.js:442:24)
    at castUpdate (D:\Louis\Task\BCC\bcc 1\bcc\backend\node_modules\mongoose\lib\helpers\query\castUpdate.js:148:7)
    at model.Query._castUpdate (D:\Louis\Task\BCC\bcc 1\bcc\backend\node_modules\mongoose\lib\query.js:5043:10)
    at model.Query._findOneAndUpdate (D:\Louis\Task\BCC\bcc 1\bcc\backend\node_modules\mongoose\lib\query.js:3579:34)
    at maybeTracedQueryExec (D:\Louis\Task\BCC\bcc 1\bcc\backend\node_modules\mongoose\lib\query.js:4801:83)
    at process.processTicksAndRejections (node:internal/process/task_queues:105:5)
    at async exports.updateBrand (D:\Louis\Task\BCC\bcc 1\bcc\backend\src\modules\accounts\brand.controller.js:406:19)\n\n2026-08-14T07:34:12.694Z\nCastError: Cast to Number failed for value "5.0L" (type string) at path "mrr"
    at SchemaNumber.cast (D:\Louis\Task\BCC\bcc 1\bcc\backend\node_modules\mongoose\lib\schema\number.js:412:11)
    at SchemaType.applySetters (D:\Louis\Task\BCC\bcc 1\bcc\backend\node_modules\mongoose\lib\schemaType.js:1373:12)
    at SchemaNumber.castForQuery (D:\Louis\Task\BCC\bcc 1\bcc\backend\node_modules\mongoose\lib\schema\number.js:481:16)
    at castUpdateVal (D:\Louis\Task\BCC\bcc 1\bcc\backend\node_modules\mongoose\lib\helpers\query\castUpdate.js:639:19)
    at walkUpdatePath (D:\Louis\Task\BCC\bcc 1\bcc\backend\node_modules\mongoose\lib\helpers\query\castUpdate.js:442:24)
    at castUpdate (D:\Louis\Task\BCC\bcc 1\bcc\backend\node_modules\mongoose\lib\helpers\query\castUpdate.js:148:7)
    at model.Query._castUpdate (D:\Louis\Task\BCC\bcc 1\bcc\backend\node_modules\mongoose\lib\query.js:5043:10)
    at model.Query._findOneAndUpdate (D:\Louis\Task\BCC\bcc 1\bcc\backend\node_modules\mongoose\lib\query.js:3579:34)
    at maybeTracedQueryExec (D:\Louis\Task\BCC\bcc 1\bcc\backend\node_modules\mongoose\lib\query.js:4801:83)
    at process.processTicksAndRejections (node:internal/process/task_queues:105:5)
    at async exports.updateBrand (D:\Louis\Task\BCC\bcc 1\bcc\backend\src\modules\accounts\brand.controller.js:406:19)\n\n2026-08-14T07:34:54.006Z\nCastError: Cast to Number failed for value "5.0L" (type string) at path "mrr"
    at SchemaNumber.cast (D:\Louis\Task\BCC\bcc 1\bcc\backend\node_modules\mongoose\lib\schema\number.js:412:11)
    at SchemaType.applySetters (D:\Louis\Task\BCC\bcc 1\bcc\backend\node_modules\mongoose\lib\schemaType.js:1373:12)
    at SchemaNumber.castForQuery (D:\Louis\Task\BCC\bcc 1\bcc\backend\node_modules\mongoose\lib\schema\number.js:481:16)
    at castUpdateVal (D:\Louis\Task\BCC\bcc 1\bcc\backend\node_modules\mongoose\lib\helpers\query\castUpdate.js:639:19)
    at walkUpdatePath (D:\Louis\Task\BCC\bcc 1\bcc\backend\node_modules\mongoose\lib\helpers\query\castUpdate.js:442:24)
    at castUpdate (D:\Louis\Task\BCC\bcc 1\bcc\backend\node_modules\mongoose\lib\helpers\query\castUpdate.js:148:7)
    at model.Query._castUpdate (D:\Louis\Task\BCC\bcc 1\bcc\backend\node_modules\mongoose\lib\query.js:5043:10)
    at model.Query._findOneAndUpdate (D:\Louis\Task\BCC\bcc 1\bcc\backend\node_modules\mongoose\lib\query.js:3579:34)
    at maybeTracedQueryExec (D:\Louis\Task\BCC\bcc 1\bcc\backend\node_modules\mongoose\lib\query.js:4801:83)
    at process.processTicksAndRejections (node:internal/process/task_queues:105:5)
    at async exports.updateBrand (D:\Louis\Task\BCC\bcc 1\bcc\backend\src\modules\accounts\brand.controller.js:406:19)\n\n2026-08-14T07:35:00.291Z\nCastError: Cast to Number failed for value "5.0L" (type string) at path "mrr"
    at SchemaNumber.cast (D:\Louis\Task\BCC\bcc 1\bcc\backend\node_modules\mongoose\lib\schema\number.js:412:11)
    at SchemaType.applySetters (D:\Louis\Task\BCC\bcc 1\bcc\backend\node_modules\mongoose\lib\schemaType.js:1373:12)
    at SchemaNumber.castForQuery (D:\Louis\Task\BCC\bcc 1\bcc\backend\node_modules\mongoose\lib\schema\number.js:481:16)
    at castUpdateVal (D:\Louis\Task\BCC\bcc 1\bcc\backend\node_modules\mongoose\lib\helpers\query\castUpdate.js:639:19)
    at walkUpdatePath (D:\Louis\Task\BCC\bcc 1\bcc\backend\node_modules\mongoose\lib\helpers\query\castUpdate.js:442:24)
    at castUpdate (D:\Louis\Task\BCC\bcc 1\bcc\backend\node_modules\mongoose\lib\helpers\query\castUpdate.js:148:7)
    at model.Query._castUpdate (D:\Louis\Task\BCC\bcc 1\bcc\backend\node_modules\mongoose\lib\query.js:5043:10)
    at model.Query._findOneAndUpdate (D:\Louis\Task\BCC\bcc 1\bcc\backend\node_modules\mongoose\lib\query.js:3579:34)
    at maybeTracedQueryExec (D:\Louis\Task\BCC\bcc 1\bcc\backend\node_modules\mongoose\lib\query.js:4801:83)
    at process.processTicksAndRejections (node:internal/process/task_queues:105:5)
    at async exports.updateBrand (D:\Louis\Task\BCC\bcc 1\bcc\backend\src\modules\accounts\brand.controller.js:406:19)\n\n2026-08-14T07:35:06.464Z\nCastError: Cast to Number failed for value "5.0L" (type string) at path "mrr"
    at SchemaNumber.cast (D:\Louis\Task\BCC\bcc 1\bcc\backend\node_modules\mongoose\lib\schema\number.js:412:11)
    at SchemaType.applySetters (D:\Louis\Task\BCC\bcc 1\bcc\backend\node_modules\mongoose\lib\schemaType.js:1373:12)
    at SchemaNumber.castForQuery (D:\Louis\Task\BCC\bcc 1\bcc\backend\node_modules\mongoose\lib\schema\number.js:481:16)
    at castUpdateVal (D:\Louis\Task\BCC\bcc 1\bcc\backend\node_modules\mongoose\lib\helpers\query\castUpdate.js:639:19)
    at walkUpdatePath (D:\Louis\Task\BCC\bcc 1\bcc\backend\node_modules\mongoose\lib\helpers\query\castUpdate.js:442:24)
    at castUpdate (D:\Louis\Task\BCC\bcc 1\bcc\backend\node_modules\mongoose\lib\helpers\query\castUpdate.js:148:7)
    at model.Query._castUpdate (D:\Louis\Task\BCC\bcc 1\bcc\backend\node_modules\mongoose\lib\query.js:5043:10)
    at model.Query._findOneAndUpdate (D:\Louis\Task\BCC\bcc 1\bcc\backend\node_modules\mongoose\lib\query.js:3579:34)
    at maybeTracedQueryExec (D:\Louis\Task\BCC\bcc 1\bcc\backend\node_modules\mongoose\lib\query.js:4801:83)
    at process.processTicksAndRejections (node:internal/process/task_queues:105:5)
    at async exports.updateBrand (D:\Louis\Task\BCC\bcc 1\bcc\backend\src\modules\accounts\brand.controller.js:406:19)\n\n2026-08-14T07:43:52.517Z\nError: Integration type "whatsapp" is invalid or not available in your scope.
    at validatePackageIntegrations (D:\Louis\Task\BCC\bcc 1\bcc\backend\src\modules\packages\package.controller.js:23:13)
    at process.processTicksAndRejections (node:internal/process/task_queues:105:5)
    at async exports.updatePackage (D:\Louis\Task\BCC\bcc 1\bcc\backend\src\modules\packages\package.controller.js:282:9)\n\n2026-08-14T07:43:55.225Z\nError: Integration type "whatsapp" is invalid or not available in your scope.
    at validatePackageIntegrations (D:\Louis\Task\BCC\bcc 1\bcc\backend\src\modules\packages\package.controller.js:23:13)
    at process.processTicksAndRejections (node:internal/process/task_queues:105:5)
    at async exports.updatePackage (D:\Louis\Task\BCC\bcc 1\bcc\backend\src\modules\packages\package.controller.js:282:9)\n\n2026-08-14T07:43:56.521Z\nError: Integration type "whatsapp" is invalid or not available in your scope.
    at validatePackageIntegrations (D:\Louis\Task\BCC\bcc 1\bcc\backend\src\modules\packages\package.controller.js:23:13)
    at process.processTicksAndRejections (node:internal/process/task_queues:105:5)
    at async exports.updatePackage (D:\Louis\Task\BCC\bcc 1\bcc\backend\src\modules\packages\package.controller.js:282:9)\n\n2026-08-14T07:43:56.736Z\nError: Integration type "whatsapp" is invalid or not available in your scope.
    at validatePackageIntegrations (D:\Louis\Task\BCC\bcc 1\bcc\backend\src\modules\packages\package.controller.js:23:13)
    at process.processTicksAndRejections (node:internal/process/task_queues:105:5)
    at async exports.updatePackage (D:\Louis\Task\BCC\bcc 1\bcc\backend\src\modules\packages\package.controller.js:282:9)\n\n2026-08-14T07:44:03.490Z\nError: Integration type "whatsapp" is invalid or not available in your scope.
    at validatePackageIntegrations (D:\Louis\Task\BCC\bcc 1\bcc\backend\src\modules\packages\package.controller.js:23:13)
    at process.processTicksAndRejections (node:internal/process/task_queues:105:5)
    at async exports.updatePackage (D:\Louis\Task\BCC\bcc 1\bcc\backend\src\modules\packages\package.controller.js:282:9)\n\n2026-08-14T07:46:47.230Z\nCastError: Cast to Number failed for value "5.0L" (type string) at path "mrr"
    at SchemaNumber.cast (D:\Louis\Task\BCC\bcc 1\bcc\backend\node_modules\mongoose\lib\schema\number.js:412:11)
    at SchemaType.applySetters (D:\Louis\Task\BCC\bcc 1\bcc\backend\node_modules\mongoose\lib\schemaType.js:1373:12)
    at SchemaNumber.castForQuery (D:\Louis\Task\BCC\bcc 1\bcc\backend\node_modules\mongoose\lib\schema\number.js:481:16)
    at castUpdateVal (D:\Louis\Task\BCC\bcc 1\bcc\backend\node_modules\mongoose\lib\helpers\query\castUpdate.js:639:19)
    at walkUpdatePath (D:\Louis\Task\BCC\bcc 1\bcc\backend\node_modules\mongoose\lib\helpers\query\castUpdate.js:442:24)
    at castUpdate (D:\Louis\Task\BCC\bcc 1\bcc\backend\node_modules\mongoose\lib\helpers\query\castUpdate.js:148:7)
    at model.Query._castUpdate (D:\Louis\Task\BCC\bcc 1\bcc\backend\node_modules\mongoose\lib\query.js:5043:10)
    at model.Query._findOneAndUpdate (D:\Louis\Task\BCC\bcc 1\bcc\backend\node_modules\mongoose\lib\query.js:3579:34)
    at maybeTracedQueryExec (D:\Louis\Task\BCC\bcc 1\bcc\backend\node_modules\mongoose\lib\query.js:4801:83)
    at process.processTicksAndRejections (node:internal/process/task_queues:105:5)
    at async exports.updateBrand (D:\Louis\Task\BCC\bcc 1\bcc\backend\src\modules\accounts\brand.controller.js:406:19)\n\n2026-08-14T07:46:54.276Z\nCastError: Cast to Number failed for value "5.0L" (type string) at path "mrr"
    at SchemaNumber.cast (D:\Louis\Task\BCC\bcc 1\bcc\backend\node_modules\mongoose\lib\schema\number.js:412:11)
    at SchemaType.applySetters (D:\Louis\Task\BCC\bcc 1\bcc\backend\node_modules\mongoose\lib\schemaType.js:1373:12)
    at SchemaNumber.castForQuery (D:\Louis\Task\BCC\bcc 1\bcc\backend\node_modules\mongoose\lib\schema\number.js:481:16)
    at castUpdateVal (D:\Louis\Task\BCC\bcc 1\bcc\backend\node_modules\mongoose\lib\helpers\query\castUpdate.js:639:19)
    at walkUpdatePath (D:\Louis\Task\BCC\bcc 1\bcc\backend\node_modules\mongoose\lib\helpers\query\castUpdate.js:442:24)
    at castUpdate (D:\Louis\Task\BCC\bcc 1\bcc\backend\node_modules\mongoose\lib\helpers\query\castUpdate.js:148:7)
    at model.Query._castUpdate (D:\Louis\Task\BCC\bcc 1\bcc\backend\node_modules\mongoose\lib\query.js:5043:10)
    at model.Query._findOneAndUpdate (D:\Louis\Task\BCC\bcc 1\bcc\backend\node_modules\mongoose\lib\query.js:3579:34)
    at maybeTracedQueryExec (D:\Louis\Task\BCC\bcc 1\bcc\backend\node_modules\mongoose\lib\query.js:4801:83)
    at process.processTicksAndRejections (node:internal/process/task_queues:105:5)
    at async exports.updateBrand (D:\Louis\Task\BCC\bcc 1\bcc\backend\src\modules\accounts\brand.controller.js:406:19)\n\n2026-08-14T07:46:59.606Z\nCastError: Cast to Number failed for value "5.0L" (type string) at path "mrr"
    at SchemaNumber.cast (D:\Louis\Task\BCC\bcc 1\bcc\backend\node_modules\mongoose\lib\schema\number.js:412:11)
    at SchemaType.applySetters (D:\Louis\Task\BCC\bcc 1\bcc\backend\node_modules\mongoose\lib\schemaType.js:1373:12)
    at SchemaNumber.castForQuery (D:\Louis\Task\BCC\bcc 1\bcc\backend\node_modules\mongoose\lib\schema\number.js:481:16)
    at castUpdateVal (D:\Louis\Task\BCC\bcc 1\bcc\backend\node_modules\mongoose\lib\helpers\query\castUpdate.js:639:19)
    at walkUpdatePath (D:\Louis\Task\BCC\bcc 1\bcc\backend\node_modules\mongoose\lib\helpers\query\castUpdate.js:442:24)
    at castUpdate (D:\Louis\Task\BCC\bcc 1\bcc\backend\node_modules\mongoose\lib\helpers\query\castUpdate.js:148:7)
    at model.Query._castUpdate (D:\Louis\Task\BCC\bcc 1\bcc\backend\node_modules\mongoose\lib\query.js:5043:10)
    at model.Query._findOneAndUpdate (D:\Louis\Task\BCC\bcc 1\bcc\backend\node_modules\mongoose\lib\query.js:3579:34)
    at maybeTracedQueryExec (D:\Louis\Task\BCC\bcc 1\bcc\backend\node_modules\mongoose\lib\query.js:4801:83)
    at process.processTicksAndRejections (node:internal/process/task_queues:105:5)
    at async exports.updateBrand (D:\Louis\Task\BCC\bcc 1\bcc\backend\src\modules\accounts\brand.controller.js:406:19)\n\n2026-08-14T07:52:33.970Z\nError: Integration type "email" is invalid or not available in your scope.
    at validatePackageIntegrations (D:\Louis\Task\BCC\bcc 1\bcc\backend\src\modules\packages\package.controller.js:24:13)
    at process.processTicksAndRejections (node:internal/process/task_queues:105:5)
    at async exports.updatePackage (D:\Louis\Task\BCC\bcc 1\bcc\backend\src\modules\packages\package.controller.js:283:9)\n\n2026-08-14T07:54:34.256Z\nError: Integration type "email" is invalid or not available in your scope.
    at validatePackageIntegrations (D:\Louis\Task\BCC\bcc 1\bcc\backend\src\modules\packages\package.controller.js:24:13)
    at process.processTicksAndRejections (node:internal/process/task_queues:105:5)
    at async exports.updatePackage (D:\Louis\Task\BCC\bcc 1\bcc\backend\src\modules\packages\package.controller.js:283:9)\n\n2026-08-14T07:55:01.348Z\nError: Integration type "email" is invalid or not available in your scope.
    at validatePackageIntegrations (D:\Louis\Task\BCC\bcc 1\bcc\backend\src\modules\packages\package.controller.js:24:13)
    at process.processTicksAndRejections (node:internal/process/task_queues:105:5)
    at async exports.updatePackage (D:\Louis\Task\BCC\bcc 1\bcc\backend\src\modules\packages\package.controller.js:283:9)\n\n2026-08-14T07:57:17.631Z\nError: Integration type "email" is invalid or not available in your scope.
    at validatePackageIntegrations (D:\Louis\Task\BCC\bcc 1\bcc\backend\src\modules\packages\package.controller.js:24:13)
    at process.processTicksAndRejections (node:internal/process/task_queues:105:5)
    at async exports.updatePackage (D:\Louis\Task\BCC\bcc 1\bcc\backend\src\modules\packages\package.controller.js:283:9)\n\n2026-08-18T11:59:27.312Z\nReferenceError: mergedChannelRows is not defined
    at buildAnalyticsDashboard (E:\Office Projects\Bcc\bcc\backend\src\modules\analytics\services\metrics.service.js:180:27)
    at process.processTicksAndRejections (node:internal/process/task_queues:105:5)
    at async Object.getOrCompute (E:\Office Projects\Bcc\bcc\backend\src\modules\analytics\services\analyticsCache.service.js:25:17)
    at async exports.getAnalytics (E:\Office Projects\Bcc\bcc\backend\src\modules\analytics\analytics.controller.js:27:23)\n\n2026-08-18T11:59:28.635Z\nReferenceError: mergedChannelRows is not defined
    at buildAnalyticsDashboard (E:\Office Projects\Bcc\bcc\backend\src\modules\analytics\services\metrics.service.js:180:27)
    at async Object.getOrCompute (E:\Office Projects\Bcc\bcc\backend\src\modules\analytics\services\analyticsCache.service.js:25:17)
    at async exports.getAnalytics (E:\Office Projects\Bcc\bcc\backend\src\modules\analytics\analytics.controller.js:27:23)\n\n2026-08-18T11:59:30.377Z\nReferenceError: mergedChannelRows is not defined
    at buildAnalyticsDashboard (E:\Office Projects\Bcc\bcc\backend\src\modules\analytics\services\metrics.service.js:180:27)
    at async Object.getOrCompute (E:\Office Projects\Bcc\bcc\backend\src\modules\analytics\services\analyticsCache.service.js:25:17)
    at async exports.getAnalytics (E:\Office Projects\Bcc\bcc\backend\src\modules\analytics\analytics.controller.js:27:23)\n\n2026-08-19T12:04:18.614Z\nSyntaxError: Unexpected token '"', ""6a858963f"... is not valid JSON
    at JSON.parse (<anonymous>)
    at createStrictSyntaxError (E:\Office Projects\Bcc\bcc\backend\node_modules\body-parser\lib\types\json.js:137:10)
    at parse (E:\Office Projects\Bcc\bcc\backend\node_modules\body-parser\lib\types\json.js:86:15)
    at E:\Office Projects\Bcc\bcc\backend\node_modules\body-parser\lib\read.js:162:18
    at AsyncResource.runInAsyncScope (node:async_hooks:211:14)
    at invokeCallback (E:\Office Projects\Bcc\bcc\backend\node_modules\raw-body\index.js:238:16)
    at done (E:\Office Projects\Bcc\bcc\backend\node_modules\raw-body\index.js:227:7)
    at IncomingMessage.onEnd (E:\Office Projects\Bcc\bcc\backend\node_modules\raw-body\index.js:287:7)
    at IncomingMessage.emit (node:events:524:28)
    at endReadableNT (node:internal/streams/readable:1698:12)
    at process.processTicksAndRejections (node:internal/process/task_queues:90:21)\n\n2026-08-19T12:04:42.388Z\nSyntaxError: Unexpected token '"', ""6a858963f"... is not valid JSON
    at JSON.parse (<anonymous>)
    at createStrictSyntaxError (E:\Office Projects\Bcc\bcc\backend\node_modules\body-parser\lib\types\json.js:137:10)
    at parse (E:\Office Projects\Bcc\bcc\backend\node_modules\body-parser\lib\types\json.js:86:15)
    at E:\Office Projects\Bcc\bcc\backend\node_modules\body-parser\lib\read.js:162:18
    at AsyncResource.runInAsyncScope (node:async_hooks:211:14)
    at invokeCallback (E:\Office Projects\Bcc\bcc\backend\node_modules\raw-body\index.js:238:16)
    at done (E:\Office Projects\Bcc\bcc\backend\node_modules\raw-body\index.js:227:7)
    at IncomingMessage.onEnd (E:\Office Projects\Bcc\bcc\backend\node_modules\raw-body\index.js:287:7)
    at IncomingMessage.emit (node:events:524:28)
    at endReadableNT (node:internal/streams/readable:1698:12)
    at process.processTicksAndRejections (node:internal/process/task_queues:90:21)\n\n2026-08-20T12:49:38.850Z\nSyntaxError: Unexpected token '"', ""6a86f768f"... is not valid JSON
    at JSON.parse (<anonymous>)
    at createStrictSyntaxError (D:\Louis\Task\BCC\bcc 1\bcc\backend\node_modules\body-parser\lib\types\json.js:137:10)
    at parse (D:\Louis\Task\BCC\bcc 1\bcc\backend\node_modules\body-parser\lib\types\json.js:86:15)
    at D:\Louis\Task\BCC\bcc 1\bcc\backend\node_modules\body-parser\lib\read.js:162:18
    at AsyncResource.runInAsyncScope (node:async_hooks:214:14)
    at invokeCallback (D:\Louis\Task\BCC\bcc 1\bcc\backend\node_modules\raw-body\index.js:238:16)
    at done (D:\Louis\Task\BCC\bcc 1\bcc\backend\node_modules\raw-body\index.js:227:7)
    at IncomingMessage.onEnd (D:\Louis\Task\BCC\bcc 1\bcc\backend\node_modules\raw-body\index.js:287:7)
    at IncomingMessage.emit (node:events:518:28)
    at endReadableNT (node:internal/streams/readable:1698:12)
    at process.processTicksAndRejections (node:internal/process/task_queues:90:21)\n\n2026-08-20T12:49:52.733Z\nSyntaxError: Unexpected token '"', ""6a86f768f"... is not valid JSON
    at JSON.parse (<anonymous>)
    at createStrictSyntaxError (D:\Louis\Task\BCC\bcc 1\bcc\backend\node_modules\body-parser\lib\types\json.js:137:10)
    at parse (D:\Louis\Task\BCC\bcc 1\bcc\backend\node_modules\body-parser\lib\types\json.js:86:15)
    at D:\Louis\Task\BCC\bcc 1\bcc\backend\node_modules\body-parser\lib\read.js:162:18
    at AsyncResource.runInAsyncScope (node:async_hooks:214:14)
    at invokeCallback (D:\Louis\Task\BCC\bcc 1\bcc\backend\node_modules\raw-body\index.js:238:16)
    at done (D:\Louis\Task\BCC\bcc 1\bcc\backend\node_modules\raw-body\index.js:227:7)
    at IncomingMessage.onEnd (D:\Louis\Task\BCC\bcc 1\bcc\backend\node_modules\raw-body\index.js:287:7)
    at IncomingMessage.emit (node:events:518:28)
    at endReadableNT (node:internal/streams/readable:1698:12)
    at process.processTicksAndRejections (node:internal/process/task_queues:90:21)\n\n2026-08-24T07:15:22.018Z\nSyntaxError: Expected property name or '}' in JSON at position 1 (line 1 column 2)
    at JSON.parse (<anonymous>)
    at parse (D:\Louis\Task\BCC\bcc 1\bcc\backend\node_modules\body-parser\lib\types\json.js:91:21)
    at D:\Louis\Task\BCC\bcc 1\bcc\backend\node_modules\body-parser\lib\read.js:162:18
    at AsyncResource.runInAsyncScope (node:async_hooks:214:14)
    at invokeCallback (D:\Louis\Task\BCC\bcc 1\bcc\backend\node_modules\raw-body\index.js:238:16)
    at done (D:\Louis\Task\BCC\bcc 1\bcc\backend\node_modules\raw-body\index.js:227:7)
    at IncomingMessage.onEnd (D:\Louis\Task\BCC\bcc 1\bcc\backend\node_modules\raw-body\index.js:287:7)
    at IncomingMessage.emit (node:events:518:28)
    at endReadableNT (node:internal/streams/readable:1698:12)
    at process.processTicksAndRejections (node:internal/process/task_queues:90:21)\n\n2026-08-24T07:15:44.428Z\nSyntaxError: Expected property name or '}' in JSON at position 1 (line 1 column 2)
    at JSON.parse (<anonymous>)
    at parse (D:\Louis\Task\BCC\bcc 1\bcc\backend\node_modules\body-parser\lib\types\json.js:91:21)
    at D:\Louis\Task\BCC\bcc 1\bcc\backend\node_modules\body-parser\lib\read.js:162:18
    at AsyncResource.runInAsyncScope (node:async_hooks:214:14)
    at invokeCallback (D:\Louis\Task\BCC\bcc 1\bcc\backend\node_modules\raw-body\index.js:238:16)
    at done (D:\Louis\Task\BCC\bcc 1\bcc\backend\node_modules\raw-body\index.js:227:7)
    at IncomingMessage.onEnd (D:\Louis\Task\BCC\bcc 1\bcc\backend\node_modules\raw-body\index.js:287:7)
    at IncomingMessage.emit (node:events:518:28)
    at endReadableNT (node:internal/streams/readable:1698:12)
    at process.processTicksAndRejections (node:internal/process/task_queues:90:21)\n\n2026-08-24T07:54:58.556Z\nError: Failed to generate edit with Claude: 401 {"type":"error","error":{"type":"authentication_error","message":"API key is invalid."},"request_id":null}
    at Object.aiEditWebsite (D:\Louis\Task\BCC\bcc 1\bcc\backend\src\modules\websites\services\websiteAiEdit.service.js:153:11)
    at process.processTicksAndRejections (node:internal/process/task_queues:105:5)
    at async exports.aiEditWebsite (D:\Louis\Task\BCC\bcc 1\bcc\backend\src\modules\websites\website.controller.js:1097:20)\n\n2026-08-24T08:00:13.716Z\nError: Could not find the requested section: #chat-widget
    at Object.applyModifySection (D:\Louis\Task\BCC\bcc 1\bcc\backend\src\modules\websites\services\websiteAiEdit.service.js:273:11)
    at exports.aiEditWebsite (D:\Louis\Task\BCC\bcc 1\bcc\backend\src\modules\websites\website.controller.js:1160:41)
    at process.processTicksAndRejections (node:internal/process/task_queues:105:5)\n\n2026-08-24T10:55:59.842Z\nMongoServerError: E11000 duplicate key error collection: bcc.domains index: domain_1 dup key: { domain: "art.kinderbeeschools.com" }
    at InsertOneOperation.handleOk (E:\Office Projects\Bcc\bcc\backend\node_modules\mongodb\lib\operations\insert.js:51:19)
    at executeOperationWithRetries (E:\Office Projects\Bcc\bcc\backend\node_modules\mongodb\lib\operations\execute_operation.js:194:34)
    at process.processTicksAndRejections (node:internal/process/task_queues:105:5)
    at async executeOperation (E:\Office Projects\Bcc\bcc\backend\node_modules\mongodb\lib\operations\execute_operation.js:83:16)
    at async Collection.insertOne (E:\Office Projects\Bcc\bcc\backend\node_modules\mongodb\lib\collection.js:154:16)
    at async model.$__save (E:\Office Projects\Bcc\bcc\backend\node_modules\mongoose\lib\model.js:434:16)
    at async maybeTracedSave (E:\Office Projects\Bcc\bcc\backend\node_modules\mongoose\lib\model.js:675:7)
    at async exports.connectDomain (E:\Office Projects\Bcc\bcc\backend\src\modules\domains\domain.controller.js:72:19)\n\n2026-08-24T10:56:05.486Z\nMongoServerError: E11000 duplicate key error collection: bcc.domains index: domain_1 dup key: { domain: "art.kinderbeeschools.com" }
    at InsertOneOperation.handleOk (E:\Office Projects\Bcc\bcc\backend\node_modules\mongodb\lib\operations\insert.js:51:19)
    at executeOperationWithRetries (E:\Office Projects\Bcc\bcc\backend\node_modules\mongodb\lib\operations\execute_operation.js:194:34)
    at process.processTicksAndRejections (node:internal/process/task_queues:105:5)
    at async executeOperation (E:\Office Projects\Bcc\bcc\backend\node_modules\mongodb\lib\operations\execute_operation.js:83:16)
    at async Collection.insertOne (E:\Office Projects\Bcc\bcc\backend\node_modules\mongodb\lib\collection.js:154:16)
    at async model.$__save (E:\Office Projects\Bcc\bcc\backend\node_modules\mongoose\lib\model.js:434:16)
    at async maybeTracedSave (E:\Office Projects\Bcc\bcc\backend\node_modules\mongoose\lib\model.js:675:7)
    at async exports.connectDomain (E:\Office Projects\Bcc\bcc\backend\src\modules\domains\domain.controller.js:72:19)\n\n2026-08-27T17:57:32.523Z\nReferenceError: buildScopeQuery is not defined
    at D:\Office Projects\Bcc\bcc\backend\src\modules\campaign-scheduled\campaignScheduled.routes.js:1774:17
    at Layer.handleRequest (D:\Office Projects\Bcc\bcc\backend\node_modules\router\lib\layer.js:152:17)
    at next (D:\Office Projects\Bcc\bcc\backend\node_modules\router\lib\route.js:157:13)
    at Route.dispatch (D:\Office Projects\Bcc\bcc\backend\node_modules\router\lib\route.js:117:3)
    at handle (D:\Office Projects\Bcc\bcc\backend\node_modules\router\index.js:435:11)
    at Layer.handleRequest (D:\Office Projects\Bcc\bcc\backend\node_modules\router\lib\layer.js:152:17)
    at D:\Office Projects\Bcc\bcc\backend\node_modules\router\index.js:295:15
    at param (D:\Office Projects\Bcc\bcc\backend\node_modules\router\index.js:600:14)
    at param (D:\Office Projects\Bcc\bcc\backend\node_modules\router\index.js:610:14)
    at processParams (D:\Office Projects\Bcc\bcc\backend\node_modules\router\index.js:664:3)
    at next (D:\Office Projects\Bcc\bcc\backend\node_modules\router\index.js:291:5)
    at D:\Office Projects\Bcc\bcc\backend\src\modules\campaign-scheduled\campaignScheduled.routes.js:1647:12
    at process.processTicksAndRejections (node:internal/process/task_queues:105:5)\n\n2026-08-27T17:57:39.316Z\nReferenceError: buildScopeQuery is not defined
    at D:\Office Projects\Bcc\bcc\backend\src\modules\campaign-scheduled\campaignScheduled.routes.js:1774:17
    at Layer.handleRequest (D:\Office Projects\Bcc\bcc\backend\node_modules\router\lib\layer.js:152:17)
    at next (D:\Office Projects\Bcc\bcc\backend\node_modules\router\lib\route.js:157:13)
    at Route.dispatch (D:\Office Projects\Bcc\bcc\backend\node_modules\router\lib\route.js:117:3)
    at handle (D:\Office Projects\Bcc\bcc\backend\node_modules\router\index.js:435:11)
    at Layer.handleRequest (D:\Office Projects\Bcc\bcc\backend\node_modules\router\lib\layer.js:152:17)
    at D:\Office Projects\Bcc\bcc\backend\node_modules\router\index.js:295:15
    at param (D:\Office Projects\Bcc\bcc\backend\node_modules\router\index.js:600:14)
    at param (D:\Office Projects\Bcc\bcc\backend\node_modules\router\index.js:610:14)
    at processParams (D:\Office Projects\Bcc\bcc\backend\node_modules\router\index.js:664:3)
    at next (D:\Office Projects\Bcc\bcc\backend\node_modules\router\index.js:291:5)
    at D:\Office Projects\Bcc\bcc\backend\src\modules\campaign-scheduled\campaignScheduled.routes.js:1647:12
    at process.processTicksAndRejections (node:internal/process/task_queues:105:5)\n\n2026-08-27T17:57:54.318Z\nReferenceError: buildScopeQuery is not defined
    at D:\Office Projects\Bcc\bcc\backend\src\modules\campaign-scheduled\campaignScheduled.routes.js:1774:17
    at Layer.handleRequest (D:\Office Projects\Bcc\bcc\backend\node_modules\router\lib\layer.js:152:17)
    at next (D:\Office Projects\Bcc\bcc\backend\node_modules\router\lib\route.js:157:13)
    at Route.dispatch (D:\Office Projects\Bcc\bcc\backend\node_modules\router\lib\route.js:117:3)
    at handle (D:\Office Projects\Bcc\bcc\backend\node_modules\router\index.js:435:11)
    at Layer.handleRequest (D:\Office Projects\Bcc\bcc\backend\node_modules\router\lib\layer.js:152:17)
    at D:\Office Projects\Bcc\bcc\backend\node_modules\router\index.js:295:15
    at param (D:\Office Projects\Bcc\bcc\backend\node_modules\router\index.js:600:14)
    at param (D:\Office Projects\Bcc\bcc\backend\node_modules\router\index.js:610:14)
    at processParams (D:\Office Projects\Bcc\bcc\backend\node_modules\router\index.js:664:3)
    at next (D:\Office Projects\Bcc\bcc\backend\node_modules\router\index.js:291:5)
    at D:\Office Projects\Bcc\bcc\backend\src\modules\campaign-scheduled\campaignScheduled.routes.js:1647:12
    at process.processTicksAndRejections (node:internal/process/task_queues:105:5)\n\n2026-08-27T17:58:10.693Z\nReferenceError: buildScopeQuery is not defined
    at D:\Office Projects\Bcc\bcc\backend\src\modules\campaign-scheduled\campaignScheduled.routes.js:1774:17
    at Layer.handleRequest (D:\Office Projects\Bcc\bcc\backend\node_modules\router\lib\layer.js:152:17)
    at next (D:\Office Projects\Bcc\bcc\backend\node_modules\router\lib\route.js:157:13)
    at Route.dispatch (D:\Office Projects\Bcc\bcc\backend\node_modules\router\lib\route.js:117:3)
    at handle (D:\Office Projects\Bcc\bcc\backend\node_modules\router\index.js:435:11)
    at Layer.handleRequest (D:\Office Projects\Bcc\bcc\backend\node_modules\router\lib\layer.js:152:17)
    at D:\Office Projects\Bcc\bcc\backend\node_modules\router\index.js:295:15
    at param (D:\Office Projects\Bcc\bcc\backend\node_modules\router\index.js:600:14)
    at param (D:\Office Projects\Bcc\bcc\backend\node_modules\router\index.js:610:14)
    at processParams (D:\Office Projects\Bcc\bcc\backend\node_modules\router\index.js:664:3)
    at next (D:\Office Projects\Bcc\bcc\backend\node_modules\router\index.js:291:5)
    at D:\Office Projects\Bcc\bcc\backend\src\modules\campaign-scheduled\campaignScheduled.routes.js:1647:12
    at process.processTicksAndRejections (node:internal/process/task_queues:105:5)\n\n2026-08-27T17:58:27.329Z\nReferenceError: buildScopeQuery is not defined
    at D:\Office Projects\Bcc\bcc\backend\src\modules\campaign-scheduled\campaignScheduled.routes.js:1774:17
    at Layer.handleRequest (D:\Office Projects\Bcc\bcc\backend\node_modules\router\lib\layer.js:152:17)
    at next (D:\Office Projects\Bcc\bcc\backend\node_modules\router\lib\route.js:157:13)
    at Route.dispatch (D:\Office Projects\Bcc\bcc\backend\node_modules\router\lib\route.js:117:3)
    at handle (D:\Office Projects\Bcc\bcc\backend\node_modules\router\index.js:435:11)
    at Layer.handleRequest (D:\Office Projects\Bcc\bcc\backend\node_modules\router\lib\layer.js:152:17)
    at D:\Office Projects\Bcc\bcc\backend\node_modules\router\index.js:295:15
    at param (D:\Office Projects\Bcc\bcc\backend\node_modules\router\index.js:600:14)
    at param (D:\Office Projects\Bcc\bcc\backend\node_modules\router\index.js:610:14)
    at processParams (D:\Office Projects\Bcc\bcc\backend\node_modules\router\index.js:664:3)
    at next (D:\Office Projects\Bcc\bcc\backend\node_modules\router\index.js:291:5)
    at D:\Office Projects\Bcc\bcc\backend\src\modules\campaign-scheduled\campaignScheduled.routes.js:1647:12
    at process.processTicksAndRejections (node:internal/process/task_queues:105:5)\n\n2026-08-28T12:42:39.295Z\nundefined\n\n2026-08-29T10:32:49.763Z\nTypeError: finalMediaUrl.startsWith is not a function
    at E:\Office Projects\M1\tunepath\backend\src\modules\campaign-scheduled\campaignScheduled.routes.js:2263:22
    at process.processTicksAndRejections (node:internal/process/task_queues:105:5)\n\n2026-08-29T10:40:15.988Z\nValidationError: CampaignScheduledPost validation failed: media_url: Cast to string failed for value "[
  'https://res.cloudinary.com/dzjsvtnb8/image/upload/v1788000011/campaign-posts/opftgecskv2e2g5gzmxv.jpg',
  'https://res.cloudinary.com/dzjsvtnb8/image/upload/v1788000012/campaign-posts/yhojsbegmobzmwct7ji7.jpg',
  'https://res.cloudinary.com/dzjsvtnb8/image/upload/v1788000015/campaign-posts/n2qhcqn7y7y0gyhb2xpf.jpg'
]" (type Array) at path "media_url"
    at Document.invalidate (E:\Office Projects\M1\tunepath\backend\node_modules\mongoose\lib\document.js:3449:32)
    at model.$set (E:\Office Projects\M1\tunepath\backend\node_modules\mongoose\lib\document.js:1524:12)
    at model.$set (E:\Office Projects\M1\tunepath\backend\node_modules\mongoose\lib\document.js:1173:16)
    at model.Document (E:\Office Projects\M1\tunepath\backend\node_modules\mongoose\lib\document.js:181:12)
    at model.Model (E:\Office Projects\M1\tunepath\backend\node_modules\mongoose\lib\model.js:143:12)
    at new model (E:\Office Projects\M1\tunepath\backend\node_modules\mongoose\lib\model.js:4969:15)
    at Function.create (E:\Office Projects\M1\tunepath\backend\node_modules\mongoose\lib\model.js:2760:16)
    at E:\Office Projects\M1\tunepath\backend\src\modules\campaign-scheduled\campaignScheduled.routes.js:2289:32
    at process.processTicksAndRejections (node:internal/process/task_queues:105:5)\n\n2026-09-01T07:56:32.275Z\nMongoServerError: E11000 duplicate key error collection: bcc.users index: email_1 dup key: { email: "rajesh@gmail.com" }
    at InsertOneOperation.handleOk (E:\Office Projects\M1\tunepath\backend\node_modules\mongodb\lib\operations\insert.js:51:19)
    at executeOperationWithRetries (E:\Office Projects\M1\tunepath\backend\node_modules\mongodb\lib\operations\execute_operation.js:194:34)
    at process.processTicksAndRejections (node:internal/process/task_queues:105:5)
    at async executeOperation (E:\Office Projects\M1\tunepath\backend\node_modules\mongodb\lib\operations\execute_operation.js:83:16)
    at async Collection.insertOne (E:\Office Projects\M1\tunepath\backend\node_modules\mongodb\lib\collection.js:154:16)
    at async model.$__save (E:\Office Projects\M1\tunepath\backend\node_modules\mongoose\lib\model.js:434:16)
    at async maybeTracedSave (E:\Office Projects\M1\tunepath\backend\node_modules\mongoose\lib\model.js:675:7)
    at async Function.create (E:\Office Projects\M1\tunepath\backend\node_modules\mongoose\lib\model.js:2763:5)
    at async exports.createUser (E:\Office Projects\M1\tunepath\backend\src\modules\auth\user.controller.js:257:18)\n\n2026-09-01T12:39:31.144Z\nSyntaxError: Unexpected token '"', ""6a96c5b2b"... is not valid JSON
    at JSON.parse (<anonymous>)
    at createStrictSyntaxError (E:\Office Projects\M1\tunepath\backend\node_modules\body-parser\lib\types\json.js:137:10)
    at parse (E:\Office Projects\M1\tunepath\backend\node_modules\body-parser\lib\types\json.js:86:15)
    at E:\Office Projects\M1\tunepath\backend\node_modules\body-parser\lib\read.js:162:18
    at AsyncResource.runInAsyncScope (node:async_hooks:211:14)
    at invokeCallback (E:\Office Projects\M1\tunepath\backend\node_modules\raw-body\index.js:238:16)
    at done (E:\Office Projects\M1\tunepath\backend\node_modules\raw-body\index.js:227:7)
    at IncomingMessage.onEnd (E:\Office Projects\M1\tunepath\backend\node_modules\raw-body\index.js:287:7)
    at IncomingMessage.emit (node:events:524:28)
    at endReadableNT (node:internal/streams/readable:1698:12)
    at process.processTicksAndRejections (node:internal/process/task_queues:90:21)\n\n2026-09-01T12:39:38.015Z\nSyntaxError: Unexpected token '"', ""6a96c5a7b"... is not valid JSON
    at JSON.parse (<anonymous>)
    at createStrictSyntaxError (E:\Office Projects\M1\tunepath\backend\node_modules\body-parser\lib\types\json.js:137:10)
    at parse (E:\Office Projects\M1\tunepath\backend\node_modules\body-parser\lib\types\json.js:86:15)
    at E:\Office Projects\M1\tunepath\backend\node_modules\body-parser\lib\read.js:162:18
    at AsyncResource.runInAsyncScope (node:async_hooks:211:14)
    at invokeCallback (E:\Office Projects\M1\tunepath\backend\node_modules\raw-body\index.js:238:16)
    at done (E:\Office Projects\M1\tunepath\backend\node_modules\raw-body\index.js:227:7)
    at IncomingMessage.onEnd (E:\Office Projects\M1\tunepath\backend\node_modules\raw-body\index.js:287:7)
    at IncomingMessage.emit (node:events:524:28)
    at endReadableNT (node:internal/streams/readable:1698:12)
    at process.processTicksAndRejections (node:internal/process/task_queues:90:21)\n\nDEBUG WORKFLOW ERROR:\nTypeError: next is not a function
    at model.<anonymous> (E:\Office Projects\M1\tunepath\backend\src\modules\tasks\workflowConfig.model.js:99:3)
    at Kareem.execPre (E:\Office Projects\M1\tunepath\backend\node_modules\kareem\index.js:59:39)
    at model._execDocumentPreHooks (E:\Office Projects\M1\tunepath\backend\node_modules\mongoose\lib\document.js:3204:29)
    at model.$__save (E:\Office Projects\M1\tunepath\backend\node_modules\mongoose\lib\model.js:403:16)
    at process.processTicksAndRejections (node:internal/process/task_queues:105:5)
    at async maybeTracedSave (E:\Office Projects\M1\tunepath\backend\node_modules\mongoose\lib\model.js:675:7)
    at async Function.create (E:\Office Projects\M1\tunepath\backend\node_modules\mongoose\lib\model.js:2763:5)
    at async Object.createOrUpdateWorkflowConfig (E:\Office Projects\M1\tunepath\backend\src\modules\tasks\task.service.js:5048:10)
    at async createOrUpdateWorkflowConfig (E:\Office Projects\M1\tunepath\backend\src\modules\tasks\task.controller.js:427:20)\n